Name,Club,Age,Position,Current Ability,Potential Ability,Pace,Acceleration,Stamina,Work Rate,Finishing,Passing,Tackling,Technique,Positioning,Decisions,Teamwork,Vision
ELDOR SHOMURODOV,RAMS BAŞAKŞEHİR FUTBOL KULÜBÜ,31,Centre-Forward,132,132,10,9,18,13,19,10,5,17,16,20,15,9
EBERE PAUL ONUACHU,TRABZONSPOR A.Ş.,32,Centre-Forward,127,127,10,9,17,12,19,10,4,18,14,15,13,9
ANDERSON SOUZA CONCEIÇAO,FENERBAHÇE A.Ş.,32,MC,118,118,8,6,16,10,19,9,8,17,11,17,14,8
FELIPE AUGUSTO DA SILVA,TRABZONSPOR A.Ş.,22,Centre-Forward,128,153,11,12,18,12,17,10,5,17,14,18,15,9
MOHAMED LAMINE BAYO,GAZİANTEP FUTBOL KULÜBÜ A.Ş.,28,Centre-Forward,128,132,11,12,16,11,18,10,5,17,14,18,13,9
JUAN SANTOS DA SILVA,GÖZTEPE A.Ş.,24,MC,116,134,9,9,17,12,14,9,7,14,14,16,14,8
VICTOR JAMES OSIMHEN,GALATASARAY A.Ş.,27,Centre-Forward,120,124,11,12,14,9,19,10,3,18,10,11,10,9
DORGELES NENE,FENERBAHÇE A.Ş.,23,Right Winger,122,140,11,12,15,9,18,10,4,17,10,15,13,9
ERNEST MUÇİ,TRABZONSPOR A.Ş.,25,Attacking Midfield,119,129,10,10,16,11,17,12,8,16,11,15,13,11
MAURO EMANUEL ICARDI,GALATASARAY A.Ş.,33,Centre-Forward,125,125,10,9,16,9,19,10,4,18,10,17,15,9
CARL JOHAN HOLSE JUSTESEN,SAMSUNSPOR A.Ş.,27,MC,116,120,9,9,17,11,11,9,8,13,13,18,14,8
KACPER SZYMON KOZLOWSKI,GAZİANTEP FUTBOL KULÜBÜ A.Ş.,22,Attacking Midfield,121,146,10,10,17,13,8,12,8,12,14,16,13,11
MEHMET UMUT NAYİR,TÜMOSAN KONYASPOR,33,Centre-Forward,123,123,10,9,17,11,14,10,4,16,13,17,15,9
MARIUS MOUNDILMADJI,SAMSUNSPOR A.Ş.,28,Centre-Forward,125,129,11,12,17,11,16,10,4,16,13,17,15,9
BARIŞ ALPER YILMAZ,GALATASARAY A.Ş.,26,Left Winger,119,129,11,12,17,11,11,10,3,14,14,14,13,9
MARCO ASENSIO WILLEMSEN,FENERBAHÇE A.Ş.,30,Attacking Midfield,119,119,10,9,15,11,17,12,8,16,10,17,13,11
ADRIAN DAWID BENEDYCZAK,KASIMPAŞA A.Ş.,25,Centre-Forward,120,130,11,12,11,8,18,10,5,18,9,16,9,9
ORKUN KÖKÇÜ,BEŞİKTAŞ A.Ş.,25,Central Midfield,120,130,10,10,17,12,11,12,8,13,13,15,13,11
GERMAN ONUGKHA,ZECORNER KAYSERİSPOR,30,MC,112,112,9,8,15,9,14,9,7,14,10,16,13,8
FRANCO DARYL TONGYA HEUBANG,GENÇLERBİRLİĞİ,24,Central Midfield,117,135,10,10,16,12,9,12,7,12,12,14,12,11
MUHAMMED KEREM AKTÜRKOĞLU,FENERBAHÇE A.Ş.,27,Left Winger,122,126,11,12,16,11,13,10,4,15,13,17,13,9
JACKSON KYANVUBU MULEKA,TÜMOSAN KONYASPOR,26,Centre-Forward,118,128,11,12,16,11,10,10,4,13,13,16,13,9
YUNUS AKGÜN,GALATASARAY A.Ş.,26,Right Winger,120,130,11,12,16,10,12,10,5,14,12,18,14,9
ALI SOWE,ÇAYKUR RİZESPOR A.Ş.,32,Centre-Forward,122,122,10,9,17,11,13,10,4,15,14,17,14,9
DAVIE SELKE,RAMS BAŞAKŞEHİR FUTBOL KULÜBÜ,31,Centre-Forward,120,120,10,9,14,9,18,10,3,18,10,13,12,9
DANIEL EBENEZER KWASI AGYEI,KOCAELİSPOR,29,MC,113,117,9,8,17,10,9,9,8,11,11,18,15,8
METEHAN MİMAROĞLU,GENÇLERBİRLİĞİ,32,Left Winger,118,118,10,9,17,10,11,10,4,14,12,16,15,9
ANTHONY TİTE EMMANUEL MUSABA,SAMSUNSPOR A.Ş.,25,Left Winger,117,127,11,12,17,11,9,10,4,12,13,16,14,9
GÜVEN YALÇIN,CORENDON ALANYASPOR,27,Centre-Forward,122,126,11,12,15,9,17,10,4,18,9,15,14,9
ANTHONY JUNIOR DENNIS,GÖZTEPE A.Ş.,22,Defensive Midfield,118,143,10,10,17,12,6,12,7,10,14,14,13,11
ALEXANDER GERARD  VAN DE STREEK,HESAP.COM ANTALYASPOR,33,MC,114,114,8,6,18,11,9,9,7,11,13,17,14,8
FLORENT HADERGJONAJ,CORENDON ALANYASPOR,32,Right Midfield,118,118,9,7,16,11,10,12,8,12,12,16,13,11
PAPE HABIB GUEYE,KASIMPAŞA A.Ş.,26,MC,109,119,9,9,16,9,12,9,6,13,9,14,14,8
METEHAN ALTUNBAŞ,İKAS EYÜPSPOR,23,Centre-Forward,117,135,11,12,14,8,17,10,3,17,9,10,11,9
İBRAHİM KAYA,CORENDON ALANYASPOR,25,Attacking Midfield,116,126,10,10,16,9,17,12,8,17,8,15,15,11
ISHOLA JUNIOR  OLAITAN,GÖZTEPE A.Ş.,24,Central Midfield,118,136,10,10,17,11,8,12,8,11,12,17,14,11
ANIL YİĞİT ÇINAR,MISIRLI.COM.TR FATİH KARAGÜMRÜK,23,MC,108,126,9,9,16,8,13,9,6,14,8,12,14,8
SERGIO ANTONIO DA LUZ JUNIOR,MISIRLI.COM.TR FATİH KARAGÜMRÜK,31,MC,116,116,9,7,17,11,12,9,8,13,13,18,15,8
LEROY AZIZ SANE,GALATASARAY A.Ş.,30,Right Winger,119,119,11,11,16,11,10,10,5,13,13,18,13,9
ENIS BARDHI,TÜMOSAN KONYASPOR,31,Attacking Midfield,118,118,9,7,17,11,9,12,8,12,12,16,14,11
BRUNO PETKOVIC,KOCAELİSPOR,31,Centre-Forward,117,117,10,9,12,8,16,10,4,16,9,15,10,9
QAZIM LACI,ÇAYKUR RİZESPOR A.Ş.,30,Central Midfield,122,122,10,9,18,13,9,12,8,12,15,16,14,11
ARDA OKAN KURTULAN,GÖZTEPE A.Ş.,23,Right Midfield,117,135,10,10,17,12,7,12,7,10,13,14,13,11
MUHAMMED İYYAD KADIOĞLU,MISIRLI.COM.TR FATİH KARAGÜMRÜK,19,MC,104,139,9,9,13,7,7,9,7,10,7,15,12,8
SERDAR DURSUN,KOCAELİSPOR,34,Centre-Forward,117,117,9,7,15,9,14,10,4,15,10,15,13,9
BERTUĞ ÖZGÜR YILDIRIM,RAMS BAŞAKŞEHİR FUTBOL KULÜBÜ,24,Centre-Forward,117,135,11,12,13,8,18,10,3,18,8,10,11,9
GABRIEL DAVI  GOMES SARA,GALATASARAY A.Ş.,27,Central Midfield,118,122,10,10,16,11,10,12,9,12,11,18,14,11
UMUT DİLAN BOZOK,İKAS EYÜPSPOR,29,Centre-Forward,118,122,11,11,17,11,10,10,4,13,13,16,14,9
CENGİZ ÜNDER,BEŞİKTAŞ A.Ş.,29,Right Winger,118,122,11,11,15,9,13,10,4,15,10,15,14,9
NIKOLA STORM,HESAP.COM ANTALYASPOR,31,MC,112,112,9,7,17,10,8,9,8,11,10,18,15,8
LASZLO BENES,ZECORNER KAYSERİSPOR,29,MC,114,118,9,8,17,12,10,9,7,12,13,17,14,8
JESURUN  RAK-SAKYI,ÇAYKUR RİZESPOR A.Ş.,23,Right Winger,114,132,11,12,10,8,13,10,4,15,8,16,8,9
PAPE CHERIF NDIAYE,SAMSUNSPOR A.Ş.,30,Centre-Forward,118,118,11,11,14,9,15,10,4,16,9,15,11,9
RUAN PEREIRA DUARTE,CORENDON ALANYASPOR,21,Left Midfield,115,140,10,10,16,11,4,12,8,8,12,16,13,11
JANDERSON  DE CARVALHO COSTA,GÖZTEPE A.Ş.,27,Centre-Forward,116,120,11,12,17,12,8,10,3,12,15,14,13,9
MİTHAT PALA,ÇAYKUR RİZESPOR A.Ş.,26,Right-Back,117,127,9,9,17,10,6,9,13,8,11,18,15,7
UI JO HWANG,CORENDON ALANYASPOR,34,Attacking Midfield,122,122,8,5,18,13,7,12,9,10,14,18,15,11
VACLAV CERNY,BEŞİKTAŞ A.Ş.,28,Right Winger,117,121,11,12,16,11,8,10,5,12,13,18,14,9
YOUSSEF EN NESYRI,FENERBAHÇE A.Ş.,29,Centre-Forward,119,123,11,11,11,8,17,10,4,17,9,16,10,9
SIDIKI CHERIF,FENERBAHÇE A.Ş.,19,Centre-Forward,112,147,11,12,10,7,11,10,5,14,8,17,9,9
GÖKTAN GÜRPÜZ,GENÇLERBİRLİĞİ,23,Attacking Midfield,118,136,10,10,17,12,4,12,9,8,13,18,14,11
KEVIN OGHENETEGA TAMARAEBI BAKUMO ABRAHAM,BEŞİKTAŞ A.Ş.,28,Centre-Forward,117,121,11,12,12,8,16,10,4,16,9,14,9,9
OĞULCAN ÜLGÜN,GENÇLERBİRLİĞİ,28,Central Midfield,113,117,10,10,15,10,8,12,8,11,10,14,12,11
ABBOSBEK FAYZULLAYEV,RAMS BAŞAKŞEHİR FUTBOL KULÜBÜ,22,Right Winger,110,135,11,12,13,8,9,10,3,12,9,13,10,9
CHRIST RAVYNEL INAO OULAI,TRABZONSPOR A.Ş.,20,Central Midfield,111,146,10,10,15,11,5,12,7,9,10,12,11,11
ALEXANDRU IULIAN MAXIM,GAZİANTEP FUTBOL KULÜBÜ A.Ş.,36,Attacking Midfield,121,121,8,4,18,13,7,12,8,11,15,15,14,11
HYEONGYU OH,BEŞİKTAŞ A.Ş.,25,Centre-Forward,116,126,11,12,10,8,16,10,4,17,8,14,8,9
DENİZ ERTAŞ,TÜMOSAN KONYASPOR,21,Goalkeeper,107,132,6,6,16,5,2,8,2,4,7,14,15,6
MUSTAFA ERHAN HEKİMOĞLU,BEŞİKTAŞ A.Ş.,19,Centre-Forward,109,144,11,12,13,7,13,10,3,15,8,6,11,9
ATTILA  MOCSI,ÇAYKUR RİZESPOR A.Ş.,26,Centre-Back,114,124,9,9,17,10,6,9,12,8,10,16,15,7
CHIBUIKE GODFREY NWAIWU,TRABZONSPOR A.Ş.,23,Centre-Back,110,128,9,9,12,8,8,9,13,10,7,18,10,7
MIHAI-VALENTIN  MIHAILA,ÇAYKUR RİZESPOR A.Ş.,26,Left Winger,116,126,11,12,15,9,13,10,3,15,10,13,12,9
IVAN BRNIC,RAMS BAŞAKŞEHİR FUTBOL KULÜBÜ,25,Left Winger,124,134,11,12,16,8,17,10,5,17,9,18,16,9
MALCOM NARCISSE BOKELE MPUTU,GÖZTEPE A.Ş.,26,Centre-Back,116,126,9,9,17,12,6,9,11,8,13,14,12,7
BARIŞ JAKOB KALAYCI,MISIRLI.COM.TR FATİH KARAGÜMRÜK,21,MC,104,129,9,9,16,9,5,9,6,8,9,14,14,8
OLEKSANDR ZUBKOV,TRABZONSPOR A.Ş.,30,Right Winger,116,116,11,11,16,11,7,10,5,11,13,18,14,9
MUHAMED  BULJUBASIC,ÇAYKUR RİZESPOR A.Ş.,22,MC,104,129,9,9,16,8,4,9,7,7,7,16,15,8
DATRO DAVID FOFANA,MISIRLI.COM.TR FATİH KARAGÜMRÜK,23,MC,110,128,9,9,10,7,17,9,8,16,7,17,9,8
SEKOU KOITA,GENÇLERBİRLİĞİ,26,Centre-Forward,114,124,11,12,15,10,9,10,4,13,11,14,12,9
JANKAT YILMAZ,İKAS EYÜPSPOR,22,Goalkeeper,110,135,6,6,16,6,2,8,2,4,8,15,15,6
DRISSA CAMARA,GAZİANTEP FUTBOL KULÜBÜ A.Ş.,24,Central Midfield,112,130,10,10,15,10,8,12,7,11,10,13,12,11
ÜMİT AKDAĞ,CORENDON ALANYASPOR,22,Centre-Back,116,141,9,9,17,12,4,9,11,7,13,14,13,7
TARIK BUĞRA KALPAKLI,MISIRLI.COM.TR FATİH KARAGÜMRÜK,17,MC,95,130,9,9,11,7,4,9,6,7,7,8,9,8
DEIAN CRISTIAN SORESCU,GAZİANTEP FUTBOL KULÜBÜ A.Ş.,29,Right-Back,112,116,9,8,17,9,8,9,12,10,9,14,14,7
DIMITRIOS GOUTAS,GENÇLERBİRLİĞİ,32,Centre-Back,119,119,8,6,18,12,6,9,12,8,14,17,14,7
LUCAS FELIPE CALEGARI,İKAS EYÜPSPOR,24,MC,106,124,9,9,14,9,5,9,8,8,9,17,12,8
CHRISTOPHER LUNGOYI,GAZİANTEP FUTBOL KULÜBÜ A.Ş.,26,Left Winger,112,122,11,12,17,10,7,10,3,11,12,13,14,9
MELİH İBRAHİMOĞLU,TÜMOSAN KONYASPOR,26,Central Midfield,118,128,10,10,17,12,4,12,9,8,13,18,14,11
ZAN ZUZEK,GENÇLERBİRLİĞİ,29,Centre-Back,119,123,9,8,18,12,5,9,12,7,14,16,14,7
IANIS HAGI,CORENDON ALANYASPOR,27,Attacking Midfield,111,115,10,10,14,9,8,12,8,11,9,14,12,11
MBAYE HAMADY NIANG,GENÇLERBİRLİĞİ,31,Centre-Forward,111,111,10,9,15,9,9,10,3,12,10,13,11,9
MUHAMMET TAHA ŞAHİN,ÇAYKUR RİZESPOR A.Ş.,25,Right-Back,112,122,9,9,16,9,5,9,12,7,10,15,14,7
THALISSON KELVEN DA SILVA,GENÇLERBİRLİĞİ,28,MC,108,112,9,9,16,11,5,9,7,8,12,16,13,8
ALİ OSMAN KALIN,GAZİANTEP FUTBOL KULÜBÜ A.Ş.,18,Left Winger,104,139,11,12,11,7,4,10,5,8,8,17,12,9
ADAM AROUS,KASIMPAŞA A.Ş.,22,Centre-Back,114,139,9,9,16,9,5,9,12,7,10,17,14,7
TAYLAN UTKU AYDIN,KASIMPAŞA A.Ş.,20,MC,104,139,9,9,14,7,4,9,8,7,6,18,15,8
ÇAĞTAY KURUKALIP,MISIRLI.COM.TR FATİH KARAGÜMRÜK,24,MC,106,124,9,9,16,9,4,9,7,7,9,16,15,8
EL BILAL TOURE,BEŞİKTAŞ A.Ş.,24,Left Winger,112,130,11,12,14,9,10,10,3,13,10,13,10,9
TAHA ALTIKARDEŞ,GÖZTEPE A.Ş.,23,Centre-Back,116,134,9,9,17,9,5,9,13,7,9,19,16,7
BARAN ALİ GEZEK,İKAS EYÜPSPOR,21,Defensive Midfield,110,135,10,10,13,9,4,12,9,8,8,17,11,11
ADEDIRE EMMANUEL OLUWATOFUNMI  AWOKOYA-MEBUDE,ÇAYKUR RİZESPOR A.Ş.,22,Right Winger,112,137,11,12,11,7,10,10,5,13,8,17,10,9
UCHENNA OGUNDU,CORENDON ALANYASPOR,20,Centre-Forward,108,143,11,12,12,8,8,10,3,12,9,13,9,9
SAMUEL LEO BEAT  BALLET,HESAP.COM ANTALYASPOR,25,Right Winger,111,121,11,12,15,9,11,10,3,14,10,8,11,9
NUNO MIGUEL REIS LIMA,CORENDON ALANYASPOR,25,Centre-Back,118,128,9,9,18,12,4,9,12,7,14,15,13,7
FREDERICO RODRIGUES DE PAULA SANTOS,FENERBAHÇE A.Ş.,33,MC,108,108,8,6,17,9,8,9,7,11,9,15,15,8
EFKAN BEKİROĞLU,GÖZTEPE A.Ş.,30,Attacking Midfield,112,112,10,9,15,9,9,12,8,12,9,14,13,11
KAMİL EFE ÜREGEN,FENERBAHÇE A.Ş.,18,MC,101,136,9,9,10,7,4,9,8,7,6,17,10,8
DEVRİM ŞAHİN,BEŞİKTAŞ A.Ş.,19,MC,102,137,9,9,11,7,4,9,8,7,7,17,11,8
JINHO JO,TÜMOSAN KONYASPOR,23,MC,101,119,9,9,15,8,5,9,6,9,8,11,13,8
ARCHIBALD NORMAN BROWN,FENERBAHÇE A.Ş.,24,MC,105,123,9,9,15,9,8,9,6,11,9,13,12,8
TAYLAN BULUT,BEŞİKTAŞ A.Ş.,20,Right-Back,108,143,9,9,12,7,4,9,13,6,7,17,12,7
MATEUSZ JACEK LEGOWSKI,İKAS EYÜPSPOR,23,Defensive Midfield,113,131,10,10,16,10,6,12,7,10,10,14,13,11
TİAGO SÜER BARBAROS ÇUKUR,MISIRLI.COM.TR FATİH KARAGÜMRÜK,23,MC,106,124,9,9,15,8,7,9,7,10,8,15,13,8
CLAUDIO WINCK NETO,KASIMPAŞA A.Ş.,32,Right-Back,113,113,8,6,16,10,6,9,12,8,11,15,12,7
DENİZ CEYLAN,KOCAELİSPOR,17,Centre-Back,104,139,9,9,8,6,4,9,13,6,6,17,8,7
OLASUNKANMI IBRAHIM OLAWOYIN,ÇAYKUR RİZESPOR A.Ş.,28,Central Midfield,116,120,10,10,16,11,5,12,8,8,12,17,13,11
KEVIN MANUEL  RODRIGUES,GAZİANTEP FUTBOL KULÜBÜ A.Ş.,32,Left-Back,112,112,8,6,16,10,6,9,11,8,11,14,12,7
RAFAEL ALEXANDRE FERNANDES FERREIRA DA SILVA,BEŞİKTAŞ A.Ş.,33,MC,110,110,8,6,10,7,16,9,8,16,7,17,8,8
EMRE AKBABA,İKAS EYÜPSPOR,33,MC,107,107,8,6,14,8,14,9,6,15,7,13,12,8
BERKAY ÖZCAN,MISIRLI.COM.TR FATİH KARAGÜMRÜK,28,Central Midfield,118,122,10,10,17,12,4,12,9,8,13,18,15,11
GODFRİED AYESU OWUSU FRİMPONG,KASIMPAŞA A.Ş.,27,Left-Back,118,122,9,9,17,11,4,9,13,6,12,18,14,7
LEO MYENTY JANNA ABENA,GAZİANTEP FUTBOL KULÜBÜ A.Ş.,31,Centre-Back,112,112,8,6,15,9,6,9,12,8,10,16,13,7
RENATO SAM-NA NHAGA,GALATASARAY A.Ş.,19,Central Midfield,112,147,10,10,10,8,18,12,9,17,7,17,10,11
TAYFUR BİNGÖL,KOCAELİSPOR,33,Central Midfield,115,115,9,7,16,11,9,12,7,12,11,13,13,11
WAGNER FABRICIO CARDOSO DE PINA,TRABZONSPOR A.Ş.,23,Right-Back,117,135,9,9,17,11,4,9,12,6,13,16,13,7
İSMAİL YÜKSEK,FENERBAHÇE A.Ş.,27,Defensive Midfield,113,117,10,10,16,10,5,12,7,9,11,14,14,11
IOANNIS PAPANIKOLAOU,ÇAYKUR RİZESPOR A.Ş.,27,Defensive Midfield,114,118,10,10,17,11,5,12,7,9,12,13,13,11
CİHAN ÇANAK,GENÇLERBİRLİĞİ,21,Right Winger,106,131,11,12,13,7,4,10,5,8,8,18,13,9
JOSEPH NONGE BOENDE,KOCAELİSPOR,21,Central Midfield,112,137,10,10,16,10,4,12,8,8,9,15,14,11
ANFERNEE JAMAL DIJKSTEEL,KOCAELİSPOR,29,Centre-Back,121,125,9,8,18,12,4,9,13,6,14,18,15,7
BÜNYAMİN BALCI,HESAP.COM ANTALYASPOR,26,MC,108,118,9,9,17,11,4,9,7,7,12,15,14,8
EVREN EREN ELMALI,GALATASARAY A.Ş.,26,Left-Back,111,121,9,9,15,9,8,9,12,10,9,15,13,7
ZAFER GÖRGEN,GAZİANTEP FUTBOL KULÜBÜ A.Ş.,26,Goalkeeper,114,124,6,6,17,7,2,8,2,4,9,16,14,6
FURKAN AYAZ ÖZCAN,GENÇLERBİRLİĞİ,16,Centre-Forward,104,139,11,12,11,7,4,10,5,8,8,17,12,9
OUSMANE DIABATE,GENÇLERBİRLİĞİ,18,Defensive Midfield,98,133,10,10,8,7,4,12,7,8,7,8,6,11
ŞANT KAZANCI,KASIMPAŞA A.Ş.,17,Goalkeeper,96,131,6,6,7,3,2,8,3,4,5,16,7,6
KUZEY EGE BULGULU,GAZİANTEP FUTBOL KULÜBÜ A.Ş.,17,Centre-Forward,101,136,11,12,7,7,4,10,5,8,8,16,6,9
TALHA SARIARSLAN,ZECORNER KAYSERİSPOR,22,MC,102,127,9,9,13,7,18,9,6,17,7,2,12,8
GAİUS ABRAHAM JERED MAKOUTA,CORENDON ALANYASPOR,29,Defensive Midfield,119,123,10,9,18,13,4,12,8,8,15,15,14,11
FOUSSENI DIABATE,KASIMPAŞA A.Ş.,30,Right Winger,111,111,11,11,15,10,5,10,5,9,11,18,13,9
ARDA KIZILDAĞ,GAZİANTEP FUTBOL KULÜBÜ A.Ş.,27,Centre-Back,111,115,9,9,16,10,6,9,11,8,11,12,12,7
YUNUS EMRE ÇİFT,SAMSUNSPOR A.Ş.,23,Centre-Back,106,124,9,9,16,8,4,9,11,6,8,10,14,7
BERKAN İSMAİL KUTLU,TÜMOSAN KONYASPOR,28,Central Midfield,109,113,10,10,14,9,7,12,7,11,8,12,12,11
HABIB ALI KEITA,KOCAELİSPOR,24,Central Midfield,114,132,10,10,16,11,5,12,8,8,11,16,13,11
BERKE CAN EVLİ,MISIRLI.COM.TR FATİH KARAGÜMRÜK,17,MC,98,133,9,9,7,6,4,9,8,7,6,16,6,8
MARUIS TRESOR DOH,MISIRLI.COM.TR FATİH KARAGÜMRÜK,22,MC,98,123,9,9,11,7,4,9,6,7,7,13,9,8
JEROME OPOKU,RAMS BAŞAKŞEHİR FUTBOL KULÜBÜ,27,Centre-Back,116,120,9,9,18,12,4,9,11,7,14,13,13,7
MATEUSZ LIS,GÖZTEPE A.Ş.,29,Goalkeeper,125,129,6,5,18,10,2,8,2,4,14,18,15,6
HASAN YAKUB İLÇİN,HESAP.COM ANTALYASPOR,17,MC,102,137,9,9,11,7,4,9,8,7,7,17,11,8
LUCAS SEBASTIAN TORREIRA DI PASCUA,GALATASARAY A.Ş.,30,Defensive Midfield,118,118,10,9,17,12,6,12,8,10,13,16,13,11
YOHAN ALEXANDRE MADY BOLI,HESAP.COM ANTALYASPOR,32,MC,110,110,8,6,15,8,10,9,8,12,7,18,15,8
YASİN ÖZCAN,BEŞİKTAŞ A.Ş.,20,Centre-Back,106,141,9,9,9,7,4,9,13,6,7,17,9,7
AHMED MORTADHA BEN OUANES,KASIMPAŞA A.Ş.,32,Left Winger,110,110,10,9,16,11,5,10,3,10,13,14,12,9
İSMAİL ESAT BUĞA,TÜMOSAN KONYASPOR,20,MC,101,136,9,9,9,7,4,9,8,7,7,17,9,8
EMRECAN BULUT,ÇAYKUR RİZESPOR A.Ş.,23,Left Winger,110,128,11,12,15,8,7,10,4,11,9,15,15,9
UMUT GÜNEŞ,RAMS BAŞAKŞEHİR FUTBOL KULÜBÜ,26,Central Midfield,118,128,10,10,18,12,5,12,8,8,13,17,15,11
JOAO PEDRO FERREIRA DA SILVA,BEŞİKTAŞ A.Ş.,27,MC,111,115,9,9,14,7,18,9,7,17,7,14,13,8
DAVINSON SANCHEZ MINA,GALATASARAY A.Ş.,30,Centre-Back,117,117,9,8,17,12,4,9,12,7,13,15,13,7
BARTUĞ ELMAZ,MISIRLI.COM.TR FATİH KARAGÜMRÜK,23,Defensive Midfield,110,128,10,10,15,9,6,12,8,9,8,15,13,11
EREN KILIÇ,ÇAYKUR RİZESPOR A.Ş.,17,Goalkeeper,95,130,6,6,6,3,2,8,3,4,5,16,5,6
MEHMET EFE KARSLI,SAMSUNSPOR A.Ş.,17,Goalkeeper,95,130,6,6,6,3,2,8,3,4,5,16,5,6
EGEHAN ŞENSOY,TÜMOSAN KONYASPOR,17,Centre-Back,102,137,9,9,6,6,4,9,13,6,6,16,5,7
EFE SEÇİL,TÜMOSAN KONYASPOR,17,Defensive Midfield,102,137,10,10,6,7,4,12,9,8,7,16,5,11
YAĞIZ FİKRİ ŞEN,FENERBAHÇE A.Ş.,17,MC,98,133,9,9,6,6,4,9,8,7,6,16,5,8
ERK ARDA ASLAN,GENÇLERBİRLİĞİ,17,Left Winger,100,135,11,12,6,7,4,10,5,8,8,16,5,9
EYÜP AYDIN,KASIMPAŞA A.Ş.,22,Defensive Midfield,106,131,10,10,13,8,4,12,8,8,7,13,12,11
TALHA  ÜLVAN,İKAS EYÜPSPOR,25,Right-Back,110,120,9,9,16,8,7,9,12,9,8,14,15,7
NOVATUS DISMAS  MIROSHI,GÖZTEPE A.Ş.,24,Defensive Midfield,114,132,10,10,17,11,5,12,7,9,12,12,13,11
CEMİLHAN ASLAN,GAZİANTEP FUTBOL KULÜBÜ A.Ş.,18,Goalkeeper,96,131,6,6,7,3,2,8,3,4,5,16,7,6
RİCK VAN DRONGELEN,SAMSUNSPOR A.Ş.,27,Centre-Back,119,123,9,9,18,12,5,9,12,7,14,16,14,7
BİLAL BAYAZIT,ZECORNER KAYSERİSPOR,27,Goalkeeper,118,122,6,6,17,8,2,8,2,5,12,16,13,6
AHMED TRAORE,MISIRLI.COM.TR FATİH KARAGÜMRÜK,19,MC,102,137,9,9,11,7,10,9,6,12,7,13,9,8
WILFRIED STEPHANE SINGO,GALATASARAY A.Ş.,25,Right-Back,106,116,9,9,13,8,8,9,11,10,7,13,11,7
ANDREAS GIANNIOTIS,KASIMPAŞA A.Ş.,33,Goalkeeper,122,122,5,3,18,9,2,8,2,5,13,17,14,6
ARİF BOŞLUK,TÜMOSAN KONYASPOR,23,Left-Back,109,127,9,9,16,8,4,9,11,6,8,14,15,7
LOGI TOMASSON,SAMSUNSPOR A.Ş.,26,Left-Back,116,126,9,9,17,11,4,9,12,7,12,16,13,7
BERKAY MURATOĞLU,KASIMPAŞA A.Ş.,18,MC,98,133,9,9,7,6,4,9,8,7,6,16,6,8
SVIT SESLAR,İKAS EYÜPSPOR,24,Attacking Midfield,106,124,10,10,10,8,7,12,8,11,7,14,9,11
ISMAIL JOSHUA JAKOBS,GALATASARAY A.Ş.,27,Left-Back,112,116,9,9,15,8,4,9,13,6,8,17,14,7
MOHAMMED AMIN CHERNI,GÖZTEPE A.Ş.,25,Left Midfield,122,132,10,10,18,14,4,12,9,8,15,19,15,11
MERVAN MÜJDECİ,GAZİANTEP FUTBOL KULÜBÜ A.Ş.,18,Midfielder,103,138,10,10,7,7,4,12,9,8,7,16,6,11
SALEM MOUNIR BOUAJILA,GÖZTEPE A.Ş.,19,MC,100,135,9,9,8,6,4,9,8,7,6,17,8,8
BLAZ KRAMER,TÜMOSAN KONYASPOR,30,Centre-Forward,112,112,11,11,9,7,18,10,3,18,8,7,6,9
DARIO  SARIC,HESAP.COM ANTALYASPOR,29,MC,104,108,9,8,14,8,5,9,7,8,8,16,12,8
KUBİLAY KANATSIZKUŞ,KASIMPAŞA A.Ş.,29,MC,108,112,9,8,15,7,7,9,8,10,7,18,15,8
BURAK GÜLTEKİN,KASIMPAŞA A.Ş.,19,MC,98,133,9,9,7,6,4,9,8,7,6,16,7,8
ANTONIO SIMAO MUANZA,CORENDON ALANYASPOR,23,MC,100,118,9,9,13,8,5,9,6,8,8,12,10,8
GEORGII DZHIKIIA,HESAP.COM ANTALYASPOR,32,MC,105,105,8,6,15,8,7,9,7,10,8,14,13,8
ABDULLAH YİĞİTER,HESAP.COM ANTALYASPOR,26,MC,105,115,9,9,16,9,4,9,7,7,9,15,15,8
YHOAN MANY ANDZOUANA,TÜMOSAN KONYASPOR,29,Right-Back,118,122,9,8,17,11,5,9,12,7,13,17,14,7
INDRIT TUCI,ZECORNER KAYSERİSPOR,25,MC,111,121,9,9,15,8,16,9,7,16,7,15,15,8
İLKAY GÜNDOĞAN,GALATASARAY A.Ş.,35,Central Midfield,113,113,8,5,15,9,7,12,9,10,9,17,13,11
EMİR ORTAKAYA,İKAS EYÜPSPOR,22,Centre-Back,109,134,9,9,16,8,4,9,12,6,7,14,15,7
JESPER ISMAILA  CEESAY,HESAP.COM ANTALYASPOR,24,MC,108,126,9,9,17,10,4,9,7,7,11,16,14,8
KEREM YANDAL,MISIRLI.COM.TR FATİH KARAGÜMRÜK,20,MC,100,135,9,9,9,6,4,9,8,7,6,17,9,8
AHMET DOĞAN YILDIRIM,TRABZONSPOR A.Ş.,19,Goalkeeper,103,138,6,6,12,4,2,8,3,4,5,17,13,6
YUSUF CAN KARADEMİR,CORENDON ALANYASPOR,18,MC,98,133,9,9,6,6,4,9,8,7,6,16,6,8
KAZEEM ADEREMI J. OLAIGBE,TRABZONSPOR A.Ş.,23,Left Winger,113,131,11,12,17,11,4,10,5,8,14,18,15,9
KAYRA CİHAN,ZECORNER KAYSERİSPOR,18,MC,102,137,9,9,10,7,4,9,8,7,7,17,10,8
OZAN TUFAN,TRABZONSPOR A.Ş.,31,Central Midfield,113,113,9,7,17,10,5,12,7,9,10,14,15,11
YUSUF HASAN TEMEL,GENÇLERBİRLİĞİ,18,Left Winger,100,135,11,12,6,7,4,10,5,8,8,16,6,9
KERİM YERLİKAYA,İKAS EYÜPSPOR,18,Goalkeeper,95,130,6,6,6,3,2,8,3,4,5,16,6,6
MUHAMMED EFE KÜÇÜK,KOCAELİSPOR,18,MC,98,133,9,9,6,6,4,9,8,7,6,16,6,8
ELAYİS TAVSAN,SAMSUNSPOR A.Ş.,25,Right Winger,110,120,11,12,11,8,10,10,4,13,8,15,10,9
MOUHAMED EL BACHIR  GUEYE,HESAP.COM ANTALYASPOR,23,MC,97,115,9,9,8,6,18,9,6,17,6,1,6,8
MEHMET ÖZ,CORENDON ALANYASPOR,18,Defensive Midfield,102,137,10,10,6,7,4,12,9,8,7,16,5,11
DENİZ SALİH AYDOĞDU,İKAS EYÜPSPOR,18,Central Midfield,102,137,10,10,6,7,4,12,9,8,7,16,5,11
KARAMBA GASSAMA,GAZİANTEP FUTBOL KULÜBÜ A.Ş.,21,Central Midfield,107,132,10,10,11,8,4,12,9,8,7,17,11,11
BAHADIR HAN GÜNGÖRDÜ,TÜMOSAN KONYASPOR,30,Goalkeeper,114,114,6,5,16,7,2,8,2,4,10,16,14,6
DARKO CHURLINOV,KOCAELİSPOR,26,Left Winger,106,116,11,12,14,8,4,10,4,8,9,15,13,9
MILOT RASHICA,BEŞİKTAŞ A.Ş.,30,Right Winger,110,110,11,11,15,8,6,10,4,10,9,16,14,9
OLIVER MICHEL KEMEN,RAMS BAŞAKŞEHİR FUTBOL KULÜBÜ,30,Central Midfield,115,115,10,9,16,12,4,12,8,8,12,15,13,11
EFE BERAT TÖRUZ,SAMSUNSPOR A.Ş.,20,Goalkeeper,104,139,6,6,13,4,2,8,3,4,5,17,13,6
MATHIAS JOHAN FJORTOFT LOVIK,TRABZONSPOR A.Ş.,22,Left-Back,106,131,9,9,11,7,4,9,12,6,7,15,9,7
OKAY YOKUŞLU,TRABZONSPOR A.Ş.,32,Defensive Midfield,111,111,9,7,14,9,8,12,8,12,8,14,12,11
KAAN AKYAZI,TÜMOSAN KONYASPOR,21,MC,100,125,9,9,9,6,4,9,8,7,6,17,9,8
ALLAN GODOI SANTOS,GÖZTEPE A.Ş.,33,Centre-Back,112,112,8,6,15,9,5,9,12,7,9,17,13,7
ANDRE ONANA ONANA,TRABZONSPOR A.Ş.,30,Goalkeeper,118,118,6,5,16,8,2,8,2,4,12,17,13,6
ENGİN POYRAZ EFE YILDIRIM,HESAP.COM ANTALYASPOR,21,MC,101,126,9,9,10,7,4,9,8,7,6,17,11,8
MUZAFFER UTKU ERİŞ,TÜMOSAN KONYASPOR,20,MC,100,135,9,9,8,6,4,9,8,7,7,17,7,8
MUSTAFA TARIK OBUT,ZECORNER KAYSERİSPOR,19,MC,98,133,9,9,7,6,4,9,8,7,6,16,6,8
ESAT YUSUF NARİN,KOCAELİSPOR,19,MC,98,133,9,9,7,6,4,9,8,7,6,16,6,8
ENES ALBAK,SAMSUNSPOR A.Ş.,21,Left-Back,106,131,9,9,10,7,4,9,13,6,6,17,10,7
RIGOBERTO MANUEL RIVAS VINDEL,KOCAELİSPOR,28,Left Winger,106,110,11,12,14,8,5,10,3,10,9,13,12,9
ONURALP ÇAKIROĞLU,TRABZONSPOR A.Ş.,18,MC,102,137,9,9,11,7,4,9,8,7,6,17,12,8
MUHAMMET TUNAHAN TAŞCI,TÜMOSAN KONYASPOR,24,MC,102,120,9,9,12,7,4,9,8,7,6,17,13,8
FURKAN SOYALP,ZECORNER KAYSERİSPOR,31,Central Midfield,113,113,9,7,16,11,5,12,7,9,11,13,12,11
NUNO MIGUEL DA COSTA JOIA,RAMS BAŞAKŞEHİR FUTBOL KULÜBÜ,35,MC,108,108,7,4,16,8,14,9,6,14,7,12,14,8
VEYSEL SARI,HESAP.COM ANTALYASPOR,38,MC,106,106,6,2,15,9,6,9,7,9,9,15,12,8
BERKAY ASLAN,RAMS BAŞAKŞEHİR FUTBOL KULÜBÜ,19,MC,98,133,9,9,6,6,4,9,8,7,6,16,6,8
HRVOJE SMOLCIC,KOCAELİSPOR,26,Centre-Back,116,126,9,9,16,10,4,9,13,7,11,17,13,7
LAUTARO DANIEL GIANNETTI,HESAP.COM ANTALYASPOR,32,MC,104,104,8,6,16,10,5,9,6,8,10,13,13,8
ONURALP ÇEVİKKAN,TRABZONSPOR A.Ş.,20,Goalkeeper,107,142,6,6,14,4,2,8,3,4,6,18,14,6
ARSENII BATAHOV,TRABZONSPOR A.Ş.,24,Centre-Back,115,133,9,9,15,10,4,9,13,6,10,18,12,7
MÜNİR LEVENT MERCAN,FENERBAHÇE A.Ş.,25,Left-Back,112,122,9,9,15,8,5,9,13,8,8,17,14,7
LUIS JESUS PEREZ MAQUEDA,GAZİANTEP FUTBOL KULÜBÜ A.Ş.,31,Right-Back,113,113,8,6,16,9,4,9,12,6,10,17,14,7
SEMİH DOĞANAY,CORENDON ALANYASPOR,19,Centre-Back,102,137,9,9,6,6,4,9,13,6,6,16,6,7
ESAT YİĞİT ALKURT,TRABZONSPOR A.Ş.,19,MC,98,133,9,9,6,6,4,9,8,7,6,16,6,8
ADİL DEMİRBAĞ,TÜMOSAN KONYASPOR,28,Centre-Back,109,113,9,9,15,10,5,9,11,8,10,11,10,7
TIAGO EMANUEL EMBALO DJALO,BEŞİKTAŞ A.Ş.,26,Centre-Back,110,120,9,9,15,9,6,9,12,8,9,14,13,7
TAHSİN BÜLBÜL,SAMSUNSPOR A.Ş.,20,MC,88,123,9,9,8,6,4,9,6,7,6,1,6,8
MUHAMMET AKMELEK,GAZİANTEP FUTBOL KULÜBÜ A.Ş.,17,Centre-Forward,103,138,11,12,9,7,4,10,5,8,8,17,9,9
BEDİRHAN ÖZYURT,İKAS EYÜPSPOR,23,Centre-Back,106,124,9,9,12,7,4,9,12,6,7,14,10,7
BURHAN ERSOY,MISIRLI.COM.TR FATİH KARAGÜMRÜK,23,MC,102,120,9,9,12,7,4,9,8,7,6,17,13,8
MELİH BOSTAN,TÜMOSAN KONYASPOR,22,MC,102,127,9,9,11,7,4,9,8,7,6,17,11,8
IBRAHIM MOHAMMED ABDALLAH SABRA,GÖZTEPE A.Ş.,20,Centre-Forward,103,138,11,12,9,7,4,10,5,8,8,17,9,9
MERT MÜLDÜR,FENERBAHÇE A.Ş.,27,Right-Back,108,112,9,9,16,8,6,9,11,8,8,12,14,7
MUSTAFA ESKİHELLAÇ,TRABZONSPOR A.Ş.,29,Left-Back,115,119,9,8,16,11,4,9,12,6,12,15,13,7
EGEMEN AYDIN,TÜMOSAN KONYASPOR,19,Goalkeeper,95,130,6,6,6,3,2,8,3,4,5,16,6,6
CHRİSTOPHER TEA DOMORAUD OPERI,RAMS BAŞAKŞEHİR FUTBOL KULÜBÜ,29,Left-Back,112,116,9,8,15,9,4,9,12,6,9,16,12,7
KAZIMCAN KARATAŞ,RAMS BAŞAKŞEHİR FUTBOL KULÜBÜ,23,Left-Back,102,120,9,9,13,7,4,9,11,6,7,9,10,7
ALI BADRA DIABATE,SAMSUNSPOR A.Ş.,19,Centre-Back,98,133,9,9,10,7,4,9,11,6,7,5,8,7
AHMET KUSAY DAĞDEVİR,TÜMOSAN KONYASPOR,19,MC,98,133,9,9,6,6,4,9,8,7,6,16,6,8
AHMET TIRPANCI,TÜMOSAN KONYASPOR,19,MC,98,133,9,9,6,6,4,9,8,7,6,16,6,8
JHON JADER DURAN PALACIOS,FENERBAHÇE A.Ş.,22,Centre-Forward,113,138,11,12,9,7,16,10,3,17,8,11,7,9
MESCHACK ELIA LINA,CORENDON ALANYASPOR,29,Attacking Midfield,113,117,10,9,13,8,14,12,8,15,8,16,13,11
DAL  VARESANOVIC,GENÇLERBİRLİĞİ,25,Attacking Midfield,112,122,10,10,12,8,13,12,9,14,7,17,12,11
JAYDEN QUINN OOSTERWOLDE,FENERBAHÇE A.Ş.,25,Centre-Back,114,124,9,9,17,11,4,9,11,6,13,12,12,7
ASIM EFE IŞIK,BEŞİKTAŞ A.Ş.,19,MC,98,133,9,9,6,6,4,9,8,7,6,16,5,8
DENİZ YAŞAR,ÇAYKUR RİZESPOR A.Ş.,19,MC,98,133,9,9,6,6,4,9,8,7,6,16,5,8
MEHMET AKBAL,GENÇLERBİRLİĞİ,19,MC,98,133,9,9,6,6,4,9,8,7,6,16,5,8
ADNAN AKTAŞ,KASIMPAŞA A.Ş.,19,MC,98,133,9,9,6,6,4,9,8,7,6,16,5,8
ARDA USLUOĞLU,CORENDON ALANYASPOR,19,Centre-Forward,100,135,11,12,6,7,4,10,5,8,8,16,5,9
BERKE ÖZÇELİK,GAZİANTEP FUTBOL KULÜBÜ A.Ş.,19,MC,98,133,9,9,6,6,4,9,8,7,6,16,5,8
EGE ARAÇ,GALATASARAY A.Ş.,19,MC,98,133,9,9,6,6,4,9,8,7,6,16,5,8
YUSUF NACAR,GAZİANTEP FUTBOL KULÜBÜ A.Ş.,19,MC,98,133,9,9,6,6,4,9,8,7,6,16,5,8
TUNCAY ELGÜN,TÜMOSAN KONYASPOR,19,Right-Back,102,137,9,9,6,6,4,9,13,6,6,16,5,7
ENES İLYAS SEVEN,TÜMOSAN KONYASPOR,19,Centre-Forward,100,135,11,12,6,7,4,10,5,8,8,16,5,9
SONER DİKMEN,HESAP.COM ANTALYASPOR,33,MC,107,107,8,6,17,11,7,9,6,10,12,12,13,8
EGE İZMİRLİ,HESAP.COM ANTALYASPOR,18,MC,100,135,9,9,8,6,4,9,8,7,6,17,8,8
TİBET DURAKÇAY,GÖZTEPE A.Ş.,20,MC,98,133,9,9,7,6,4,9,8,7,6,16,7,8
ARDA ÜNYAY,GALATASARAY A.Ş.,19,Centre-Back,108,143,9,9,11,7,4,9,13,6,7,17,11,7
AARON OPOKU TIAWIAH,ZECORNER KAYSERİSPOR,27,MC,101,105,9,9,12,8,5,9,7,8,7,14,10,8
ARDA YAVUZ,İKAS EYÜPSPOR,20,Left-Back,106,141,9,9,9,7,4,9,13,6,6,17,9,7
ATAKAN MÜJDE,KASIMPAŞA A.Ş.,22,Defensive Midfield,96,121,10,10,11,8,4,12,7,8,7,1,9,11
FATİH AKSOY,CORENDON ALANYASPOR,28,Centre-Back,108,112,9,9,16,8,4,9,11,6,8,12,14,7
MILAN SKRINIAR,FENERBAHÇE A.Ş.,31,Centre-Back,112,112,8,6,16,10,5,9,12,8,11,14,13,7
JADEL CHANDA KATONGO,ZECORNER KAYSERİSPOR,21,MC,100,125,9,9,11,7,4,9,7,7,7,15,10,8
ANDRI FANNAR BALDURSSON,KASIMPAŞA A.Ş.,24,Defensive Midfield,118,136,10,10,17,13,4,12,7,8,14,15,13,11
NEVZAT TAN ÜZEL,GÖZTEPE A.Ş.,19,Goalkeeper,95,130,6,6,6,3,2,8,3,4,5,16,5,6
ATAKAN RIDVAN ÇANKAYA,MISIRLI.COM.TR FATİH KARAGÜMRÜK,28,MC,102,106,9,9,12,8,5,9,7,8,7,15,9,8
TIM LUCA PACO JABOL - FOLCARELLI,TRABZONSPOR A.Ş.,26,Central Midfield,116,126,10,10,16,12,4,12,8,8,12,16,13,11
ZEKİ YAVRU,SAMSUNSPOR A.Ş.,35,MC,109,109,7,4,17,11,4,9,7,7,12,17,14,8
ERDEM CANPOLAT,ÇAYKUR RİZESPOR A.Ş.,25,MC,100,110,9,9,16,8,4,9,6,7,7,11,14,8
ARDA KAYA,ZECORNER KAYSERİSPOR,20,MC,98,133,9,9,7,6,4,9,8,7,6,16,6,8
SERHAT ÖZTAŞDELEN,KOCAELİSPOR,21,Goalkeeper,103,128,6,6,11,4,2,8,3,4,6,17,10,6
ROLAND SALLAI,GALATASARAY A.Ş.,29,Right-Back,116,120,9,8,17,11,4,9,12,7,12,16,14,7
MIGUEL FILIPE NUNES CARDOSO,ZECORNER KAYSERİSPOR,32,Left Winger,114,114,10,9,18,13,5,10,4,9,16,16,13,9
ALİ DEMİRBİLEK,HESAP.COM ANTALYASPOR,17,MC,99,134,9,9,8,6,4,9,8,7,6,16,8,8
ANTOINE MAKOUMBOU,SAMSUNSPOR A.Ş.,28,Defensive Midfield,114,118,10,10,17,11,5,12,7,9,12,13,13,11
TAHA EMRE İNCE,TRABZONSPOR A.Ş.,19,MC,101,136,9,9,10,7,4,9,8,7,6,17,11,8
EFE YİĞİT ÜSTÜN,SAMSUNSPOR A.Ş.,18,Goalkeeper,99,134,6,6,9,3,2,8,3,4,5,17,9,6
NELSON CABRAL SEMEDO,FENERBAHÇE A.Ş.,32,Right-Back,110,110,8,6,15,10,5,9,11,7,11,13,11,7
OGÜN ÖZÇİÇEK,GAZİANTEP FUTBOL KULÜBÜ A.Ş.,27,Defensive Midfield,108,112,10,10,14,9,4,12,7,8,8,13,12,11
RIDVAN YILMAZ,BEŞİKTAŞ A.Ş.,25,Left-Back,114,124,9,9,16,10,4,9,12,6,11,16,13,7
YAYA ONOGO,MISIRLI.COM.TR FATİH KARAGÜMRÜK,18,MC,100,135,9,9,9,6,4,9,8,7,6,17,9,8
ABDOU KHADRE SY,İKAS EYÜPSPOR,18,Centre-Forward,103,138,11,12,9,7,4,10,5,8,8,17,9,9
YUSUF BARASI,KASIMPAŞA A.Ş.,23,Centre-Forward,97,115,11,12,12,7,4,10,3,8,8,5,10,9
EBRIMA  CEESAY,SAMSUNSPOR A.Ş.,20,MC,98,133,9,9,6,6,4,9,8,7,6,16,6,8
CAN ARMANDO  GÜNER,GALATASARAY A.Ş.,18,Right Winger,100,135,11,12,6,7,4,10,5,8,8,16,6,9
ALAETTİN EKİCİ,FENERBAHÇE A.Ş.,17,Left Winger,101,136,11,12,7,7,4,10,5,8,8,16,7,9
HALİL İBRAHİM DERVİŞOĞLU,ÇAYKUR RİZESPOR A.Ş.,26,Centre-Forward,105,115,11,12,14,8,7,10,3,11,9,8,12,9
HAMZA GÜRELER,RAMS BAŞAKŞEHİR FUTBOL KULÜBÜ,20,Centre-Back,108,143,9,9,11,7,4,9,13,6,7,17,12,7
ARDA ÖZYAR,KOCAELİSPOR,19,Centre-Forward,101,136,11,12,7,7,4,10,5,8,8,16,7,9
MORTEN BJORLO,TÜMOSAN KONYASPOR,30,Central Midfield,110,110,10,9,16,10,4,12,7,8,9,13,14,11
ABDÜLKERİM BARDAKCI,GALATASARAY A.Ş.,32,Centre-Back,117,117,8,6,17,12,4,9,12,6,13,16,13,7
BÜNYAMİN DALKILIÇ,KOCAELİSPOR,20,MC,98,133,9,9,6,6,4,9,8,7,6,16,6,8
ÇAĞRI HAKAN BALTA,GALATASARAY A.Ş.,18,MC,98,133,9,9,6,6,4,9,8,7,6,16,6,8
OĞUZHAN ERTEM,TRABZONSPOR A.Ş.,18,Attacking Midfield,102,137,10,10,6,7,4,12,9,8,7,16,6,11
SALİH MALKOÇOĞLU,TRABZONSPOR A.Ş.,21,Defensive Midfield,109,134,10,10,13,8,4,12,9,8,7,18,13,11
YASİN ERATİLLA,KASIMPAŞA A.Ş.,22,MC,100,125,9,9,9,6,4,9,8,7,6,17,9,8
EREN DOĞAN,TÜMOSAN KONYASPOR,17,Central Midfield,102,137,10,10,6,7,4,12,9,8,7,16,6,11
ONYINYE WILFRED NDIDI,BEŞİKTAŞ A.Ş.,29,Defensive Midfield,113,117,10,9,15,11,5,12,8,9,10,15,12,11
CELİL YÜKSEL,SAMSUNSPOR A.Ş.,28,Central Midfield,108,112,10,10,13,9,4,12,8,8,8,15,11,11
ABDURRAHİM DURSUN,GENÇLERBİRLİĞİ,27,Left-Back,106,110,9,9,15,7,4,9,11,6,7,13,13,7
FELIX OHIS UDUOKHAI,BEŞİKTAŞ A.Ş.,29,Centre-Back,108,112,9,8,16,8,4,9,11,6,8,12,13,7
YİĞİT HAMZA AYDAR,GENÇLERBİRLİĞİ,17,Left-Back,103,138,9,9,7,6,4,9,13,6,6,16,7,7
SAMET KARAKOÇ,HESAP.COM ANTALYASPOR,23,MC,102,120,9,9,15,7,4,9,7,7,7,14,14,8
MAHMUT ERTUĞRUL TAŞKIRAN,CORENDON ALANYASPOR,36,Goalkeeper,116,116,4,1,17,7,2,8,2,4,10,17,15,6
DENİZ EREN DÖNMEZER,ZECORNER KAYSERİSPOR,17,MC,98,133,9,9,7,6,4,9,8,7,6,16,7,8
ABDUL KADER MOUSSA KONE,MISIRLI.COM.TR FATİH KARAGÜMRÜK,18,MC,100,135,9,9,8,6,4,9,8,7,6,17,8,8
NICOLAS JEAN PAUL NOEL JANVIER,CORENDON ALANYASPOR,28,MC,106,110,9,9,16,9,5,9,7,8,9,15,14,8
ALİ YAVUZ KOL,KASIMPAŞA A.Ş.,25,Left Winger,99,109,11,12,16,8,4,10,3,8,8,4,14,9
SAMET AKAYDİN,ÇAYKUR RİZESPOR A.Ş.,32,Centre-Back,113,113,8,6,16,11,6,9,11,8,13,13,12,7
EREN CEMALİ YAĞMUR,TÜMOSAN KONYASPOR,19,Centre-Forward,117,152,11,12,7,7,18,10,5,18,8,16,6,9
İBRAHİM KAĞAN ALKIŞ,GAZİANTEP FUTBOL KULÜBÜ A.Ş.,20,Goalkeeper,95,130,6,6,6,3,2,8,3,4,5,16,5,6
ALP ADA ABAY,HESAP.COM ANTALYASPOR,20,MC,98,133,9,9,6,6,4,9,8,7,6,16,5,8
MUHAMMED ARDA VAR,TÜMOSAN KONYASPOR,18,Centre-Forward,100,135,11,12,6,7,4,10,5,8,8,16,5,9
KOUADOU JAURES ASSOUMOU,SAMSUNSPOR A.Ş.,23,Left Winger,108,126,11,12,8,7,8,10,5,12,8,17,7,9
RICARDO DE SOUSA ESGAIO,MISIRLI.COM.TR FATİH KARAGÜMRÜK,33,MC,106,106,8,6,15,10,4,9,7,7,10,16,12,8
ADA YÜZGEÇ,GALATASARAY A.Ş.,17,Centre-Forward,100,135,11,12,6,7,4,10,5,8,8,16,5,9
ENSAR BUĞRA TİVSİZ,HESAP.COM ANTALYASPOR,19,MC,100,135,9,9,8,6,4,9,8,7,6,17,8,8
TONI BOREVKOVIC,SAMSUNSPOR A.Ş.,29,Centre-Back,110,114,9,8,15,8,8,9,12,10,8,15,14,7
GUILERME LUIZ OLIVEIRA DA SILVA,GÖZTEPE A.Ş.,21,MC,94,119,9,9,10,7,4,9,6,7,7,8,8,8
TAYLAN ANTALYALI,ÇAYKUR RİZESPOR A.Ş.,31,Defensive Midfield,111,111,9,7,16,10,4,12,7,8,9,14,14,11
NIHAD MUJAKIC,İKAS EYÜPSPOR,28,Centre-Back,114,118,9,9,16,10,4,9,12,6,11,16,13,7
POLAT YALDIR,SAMSUNSPOR A.Ş.,23,MC,101,119,9,9,10,7,4,9,8,7,6,17,11,8
YAHIA FOFANA,ÇAYKUR RİZESPOR A.Ş.,26,Goalkeeper,118,128,6,6,16,8,2,8,3,4,11,18,13,6
DOĞAN ALEMDAR,RAMS BAŞAKŞEHİR FUTBOL KULÜBÜ,23,Goalkeeper,106,124,6,6,14,4,2,8,3,4,5,18,14,6
MIGUEL CRESPO DA SILVA,RAMS BAŞAKŞEHİR FUTBOL KULÜBÜ,30,Central Midfield,109,109,10,9,15,9,4,12,8,8,8,14,13,11
İZZET ÇELİK,CORENDON ALANYASPOR,22,Central Midfield,108,133,10,10,13,8,4,12,9,8,7,17,13,11
JOSAFAT WOODING MENDES,SAMSUNSPOR A.Ş.,23,MC,100,118,9,9,15,8,4,9,6,7,8,10,13,8
LUBOMİR SATKA,SAMSUNSPOR A.Ş.,30,Centre-Back,116,116,9,8,16,10,5,9,13,8,11,18,13,7
JOAO SABINO MENDES NETO SARAIVA,ZECORNER KAYSERİSPOR,31,MC,104,104,9,7,15,8,4,9,7,7,8,15,13,8
UĞURCAN ÇAKIR,GALATASARAY A.Ş.,30,Goalkeeper,119,119,6,5,17,8,2,8,2,4,12,17,13,6
YİĞİT EFE DEMİR,FENERBAHÇE A.Ş.,22,Centre-Back,103,128,9,9,14,7,4,9,11,6,7,9,12,7
PRINCE OBENG AMPEM,İKAS EYÜPSPOR,28,Left Winger,110,114,11,12,12,7,16,10,3,17,8,4,10,9
PEDRO HENRIQUE OLIVEIRA DOS SANTOS,TÜMOSAN KONYASPOR,29,MC,104,108,9,8,11,7,7,9,8,10,7,17,10,8
MUHAMMED ŞENGEZER,RAMS BAŞAKŞEHİR FUTBOL KULÜBÜ,29,Goalkeeper,124,128,6,5,18,9,2,8,3,4,13,19,15,6
FESTY OSEIWE EBOSELE,RAMS BAŞAKŞEHİR FUTBOL KULÜBÜ,24,Right-Back,102,120,9,9,12,7,4,9,11,6,7,10,9,7
UĞURCAN YAZĞILI,TÜMOSAN KONYASPOR,27,Centre-Back,111,115,9,9,16,10,4,9,11,6,11,12,12,7
STEFAN SAVIC,TRABZONSPOR A.Ş.,35,Centre-Back,109,109,7,4,14,9,5,9,12,7,9,15,11,7
YUSUF ALİ ŞİRİN,GÖZTEPE A.Ş.,18,Attacking Midfield,102,137,10,10,6,7,4,12,9,8,7,16,6,11
ENES KESKİN,CORENDON ALANYASPOR,25,Right Midfield,108,118,10,10,14,8,4,12,8,8,7,15,13,11
ISMAILA MANGA,İKAS EYÜPSPOR,19,MC,100,135,9,9,9,6,4,9,8,7,6,17,9,8
KAĞAN ARICAN,HESAP.COM ANTALYASPOR,20,MC,100,135,9,9,9,6,4,9,8,7,6,17,9,8
DENİZ DİLMEN,RAMS BAŞAKŞEHİR FUTBOL KULÜBÜ,21,Goalkeeper,95,120,6,6,6,3,2,8,3,4,5,16,6,6
ONUR BULUT,RAMS BAŞAKŞEHİR FUTBOL KULÜBÜ,32,Right-Back,109,109,8,6,15,8,4,9,12,6,7,16,14,7
LUCCAS CLARO DOS SANTOS,İKAS EYÜPSPOR,34,MC,103,103,8,5,13,8,5,9,7,8,8,15,11,8
YUSUF SARI,RAMS BAŞAKŞEHİR FUTBOL KULÜBÜ,27,Right Winger,109,113,11,12,14,9,5,10,5,9,10,17,12,9
DİLHAN DEMİR,GENÇLERBİRLİĞİ,23,Right Winger,93,111,11,12,10,7,4,10,3,8,8,1,8,9
ATA YANIK,TÜMOSAN KONYASPOR,17,Centre-Back,102,137,9,9,6,6,4,9,13,6,6,16,6,7
ERSİN DESTANOĞLU,BEŞİKTAŞ A.Ş.,25,Goalkeeper,117,127,6,6,17,8,2,8,2,4,11,16,14,6
PEDRO MIGUEL DE ALMEIDA LOPES PEREIRA,GENÇLERBİRLİĞİ,28,Right-Back,114,118,9,9,17,11,4,9,11,6,13,12,12,7
MAHAMADOU SUSOHO SISSOHO,KOCAELİSPOR,21,Defensive Midfield,106,131,10,10,9,8,4,12,9,8,7,17,8,11
HAYDAR KARATAŞ,FENERBAHÇE A.Ş.,19,Left Winger,100,135,11,12,6,7,4,10,5,8,8,16,6,9
ÖMER ÇOBANOĞLU,TÜMOSAN KONYASPOR,19,Defensive Midfield,102,137,10,10,6,7,4,12,9,8,7,16,6,11
FURKAN KOÇAK,GALATASARAY A.Ş.,18,Attacking Midfield,102,137,10,10,6,7,4,12,9,8,7,16,6,11
YİĞİTHAN ÇUBUKCU,TRABZONSPOR A.Ş.,18,Central Midfield,102,137,10,10,6,7,4,12,9,8,7,16,6,11
KENNETH IMMANUEL PAAL,HESAP.COM ANTALYASPOR,29,MC,111,115,9,8,18,12,4,9,7,7,14,17,14,8
MUSTAFA EGE BİLİM,KOCAELİSPOR,20,Central Midfield,103,138,10,10,7,7,4,12,9,8,7,16,7,11
KEREM KAYAARASI,HESAP.COM ANTALYASPOR,20,MC,101,136,9,9,10,7,4,9,8,7,6,17,10,8
CİHAN AKGÜN,GALATASARAY A.Ş.,17,Centre-Back,102,137,9,9,6,6,4,9,13,6,6,16,6,7
RAMZI  SAFURI,HESAP.COM ANTALYASPOR,30,MC,102,102,9,8,15,9,5,9,6,8,9,12,11,8
JAKUB  KALUZINSKI,RAMS BAŞAKŞEHİR FUTBOL KULÜBÜ,23,Defensive Midfield,104,122,10,10,14,8,4,12,7,8,7,9,12,11
YAKUP AYAN,ÇAYKUR RİZESPOR A.Ş.,18,Centre-Back,103,138,9,9,7,6,4,9,13,6,6,16,7,7
SAIKUBA JARJU,SAMSUNSPOR A.Ş.,18,Right Winger,100,135,11,12,6,7,4,10,5,8,8,16,5,9
MUSTAFA BURAK BOZAN,GAZİANTEP FUTBOL KULÜBÜ A.Ş.,26,Goalkeeper,108,118,6,6,16,5,2,8,2,4,7,15,14,6
METEHAN BALTACI,GALATASARAY A.Ş.,23,Centre-Back,105,123,9,9,9,6,4,9,13,6,6,17,9,7
FIRATCAN ÜZÜM,GENÇLERBİRLİĞİ,27,Right-Back,110,114,9,9,14,7,4,9,13,6,7,18,14,7
BERK CAN YILDIZLI,KASIMPAŞA A.Ş.,21,MC,98,123,9,9,6,6,4,9,8,7,6,16,5,8
YAKUPHAN SARIALİOĞLU,TRABZONSPOR A.Ş.,19,MC,98,133,9,9,6,6,4,9,8,7,6,16,5,8
NECİP ÖZER,ZECORNER KAYSERİSPOR,19,MC,98,133,9,9,6,6,4,9,8,7,6,16,5,8
TURAN DENİZ TUNCER,TRABZONSPOR A.Ş.,19,MC,98,133,9,9,6,6,4,9,8,7,6,16,5,8
KRİSTJAN ASLLANİ,BEŞİKTAŞ A.Ş.,24,Defensive Midfield,108,126,10,10,10,8,8,12,8,11,7,16,9,11
HÜSEYİN ŞEN,CORENDON ALANYASPOR,17,Right Winger,100,135,11,12,6,7,4,10,5,8,8,16,5,9
OĞUZHAN ODABAŞ,MISIRLI.COM.TR FATİH KARAGÜMRÜK,17,MC,98,133,9,9,6,6,4,9,8,7,6,16,5,8
EMİN EREN SAYAR,FENERBAHÇE A.Ş.,17,Centre-Forward,100,135,11,12,6,7,4,10,5,8,8,16,5,9
ADNAN EFE FETTAHOĞLU,FENERBAHÇE A.Ş.,17,Attacking Midfield,102,137,10,10,6,7,4,12,9,8,7,16,5,11
FURKAN ORAK,ÇAYKUR RİZESPOR A.Ş.,25,MC,102,112,9,9,12,7,4,9,8,7,6,17,12,8
SAMED ONUR,GENÇLERBİRLİĞİ,24,Central Midfield,102,120,10,10,16,8,4,12,7,8,7,5,14,11
AHMED KUTUCU,GALATASARAY A.Ş.,26,Left Winger,107,117,11,12,14,7,4,10,5,8,8,18,15,9
ALEKSANDAR JOVANOVIC,KOCAELİSPOR,33,Goalkeeper,104,104,5,3,12,5,2,8,2,5,7,15,9,6
NURETTİN KORKMAZ,ZECORNER KAYSERİSPOR,24,MC,90,108,9,9,11,7,4,9,6,7,7,1,9,8
EGE YILDIRIM,GÖZTEPE A.Ş.,19,Centre-Back,103,138,9,9,7,6,4,9,13,6,6,16,6,7
BATUHAN  YAVUZ,CORENDON ALANYASPOR,21,MC,101,126,9,9,10,7,4,9,8,7,6,17,10,8
BERHAN KUTLAY ŞATLI,İKAS EYÜPSPOR,20,Centre-Back,104,139,9,9,8,6,4,9,13,6,6,16,8,7
ROBIN YALÇIN,İKAS EYÜPSPOR,32,MC,105,105,8,6,13,8,4,9,8,7,8,18,11,8
ÖMER AHMET CEYHAN,İKAS EYÜPSPOR,19,Right-Back,103,138,9,9,7,6,4,9,13,6,6,16,6,7
AMINE HARIT,RAMS BAŞAKŞEHİR FUTBOL KULÜBÜ,29,Left Winger,111,115,11,11,15,10,6,10,4,10,11,16,12,9
KAAN AYHAN,GALATASARAY A.Ş.,31,Centre-Back,102,102,8,6,14,7,11,9,11,15,7,9,13,7
MARIO RENE JUNIOR LEMINA,GALATASARAY A.Ş.,33,Defensive Midfield,112,112,9,7,16,10,6,12,7,10,10,13,13,11
LENNY JEAN PIERRE  PINTOR,İKAS EYÜPSPOR,26,Left Winger,102,112,11,12,11,8,4,10,4,8,8,13,9,9
ÖMER ALİ ŞAHİNER,RAMS BAŞAKŞEHİR FUTBOL KULÜBÜ,34,Right-Back,112,112,7,4,16,10,6,9,12,8,10,15,13,7
SAM ANDREAS LARSSON,MISIRLI.COM.TR FATİH KARAGÜMRÜK,33,MC,108,108,8,6,14,9,7,9,8,10,9,17,12,8
BURAK KAPACAK,ZECORNER KAYSERİSPOR,26,MC,93,103,9,9,14,7,4,9,6,7,7,2,13,8
RAMAZAN CİVELEK,ZECORNER KAYSERİSPOR,30,MC,106,106,9,8,17,11,5,9,6,8,12,13,13,8
CHARLES ANDRE RAUX YAO,İKAS EYÜPSPOR,24,Central Midfield,104,122,10,10,11,8,14,12,7,15,7,6,9,11
THIAM MAME BABA,İKAS EYÜPSPOR,33,Centre-Forward,104,104,10,9,11,8,7,10,3,11,8,12,8,9
AYOTOMIWA SHERIF DELE BASHIRU,GENÇLERBİRLİĞİ,26,Defensive Midfield,117,127,10,10,16,12,4,12,9,8,12,18,13,11
OKAN KOCUK,SAMSUNSPOR A.Ş.,31,Goalkeeper,123,123,6,4,18,9,2,8,2,4,13,18,15,6
SEMİH GÜLER,ZECORNER KAYSERİSPOR,31,MC,109,109,9,7,17,10,4,9,7,7,12,17,15,8
BAYRAM BERK ÇAPOĞLU,ÇAYKUR RİZESPOR A.Ş.,18,Attacking Midfield,102,137,10,10,6,7,4,12,9,8,7,16,6,11
VICTOR NTINO-EMO GIDADO,GAZİANTEP FUTBOL KULÜBÜ A.Ş.,22,Attacking Midfield,102,127,10,10,11,8,4,12,7,8,7,10,9,11
BEDİRHAN ÇETİN,SAMSUNSPOR A.Ş.,20,Centre-Back,102,137,9,9,6,6,4,9,13,6,6,16,6,7
BARAN MOĞULTAY,CORENDON ALANYASPOR,22,MC,103,128,9,9,12,7,4,9,8,7,7,17,12,8
DENIS RAZVAN RADU,İKAS EYÜPSPOR,23,MC,100,118,9,9,11,7,4,9,7,7,7,15,9,8
MARCOS FELIPE DE FREITAS MONTEIRO,İKAS EYÜPSPOR,30,Goalkeeper,115,115,6,5,16,6,2,8,3,4,9,19,15,6
SONER GÖNÜL,SAMSUNSPOR A.Ş.,29,MC,99,103,9,8,16,8,4,9,6,7,7,9,14,8
ENES MELİH GÖKÇEK,ZECORNER KAYSERİSPOR,19,MC,98,133,9,9,6,6,4,9,8,7,6,16,6,8
EYÜP CAN KARASU,GALATASARAY A.Ş.,19,Central Midfield,102,137,10,10,6,7,4,12,9,8,7,16,6,11
PAULO VICTOR MILEO VIDOTTI,CORENDON ALANYASPOR,39,Goalkeeper,111,111,3,1,17,6,2,8,2,4,8,15,15,6
SEBASTIAN SZYMANSKI,FENERBAHÇE A.Ş.,27,Attacking Midfield,110,114,10,10,10,8,10,12,9,13,7,17,10,11
CHRIST OTINIEL SADIA,İKAS EYÜPSPOR,19,Right Winger,101,136,11,12,7,7,4,10,5,8,8,16,7,9
YİĞİT EMRE ÇELTİK,ZECORNER KAYSERİSPOR,23,MC,99,117,9,9,8,6,4,9,8,7,6,16,8,8
KEREM ÖZMEN,MISIRLI.COM.TR FATİH KARAGÜMRÜK,18,MC,98,133,9,9,6,6,4,9,8,7,6,16,6,8
YUSUF DAĞHAN KAHRAMAN,GALATASARAY A.Ş.,18,Centre-Back,102,137,9,9,6,6,4,9,13,6,6,16,6,7
ALİ PAĞDA,BEŞİKTAŞ A.Ş.,18,Left Winger,100,135,11,12,6,7,4,10,5,8,8,16,6,9
SEYFETTİN ANIL YAŞAR,İKAS EYÜPSPOR,24,Centre-Back,100,118,9,9,10,7,4,9,11,6,7,8,7,7
BORAN BAŞKAN,TRABZONSPOR A.Ş.,20,MC,100,135,9,9,8,6,4,9,8,7,6,17,8,8
ADAMA TRAORE,GENÇLERBİRLİĞİ,31,Right Winger,105,105,10,9,11,8,8,10,3,12,8,11,8,9
MUHARREM CİNAN,KOCAELİSPOR,28,Left-Back,104,108,9,9,15,7,4,9,11,6,7,9,13,7
MASSADIO HAIDARA,KOCAELİSPOR,33,Left-Back,109,109,8,6,14,9,4,9,12,6,9,14,11,7
MODIBO SAGNAN,ÇAYKUR RİZESPOR A.Ş.,27,Centre-Back,110,114,9,9,17,9,5,9,11,7,10,12,14,7
EMİRHAN TOPÇU,BEŞİKTAŞ A.Ş.,25,Centre-Back,107,117,9,9,15,9,5,9,11,7,9,10,11,7
KAAN ARDA DEMİR,MISIRLI.COM.TR FATİH KARAGÜMRÜK,19,MC,98,133,9,9,6,6,4,9,8,7,6,16,5,8
HASAN KAAN YALÇI,ZECORNER KAYSERİSPOR,19,MC,98,133,9,9,6,6,4,9,8,7,6,16,5,8
BERKAY TOPDEMİR,HESAP.COM ANTALYASPOR,19,MC,98,133,9,9,7,6,4,9,8,7,6,16,7,8
DIABEL NDOYE,İKAS EYÜPSPOR,19,Centre-Back,103,138,9,9,7,6,4,9,13,6,6,16,7,7
TUNA BARAN DEMİR,BEŞİKTAŞ A.Ş.,18,Centre-Forward,100,135,11,12,6,7,4,10,5,8,8,16,5,9
EMİR BORA ÇOBAN,ÇAYKUR RİZESPOR A.Ş.,18,Right-Back,102,137,9,9,6,6,4,9,13,6,6,16,5,7
ARDA YILMAZ,GALATASARAY A.Ş.,18,Goalkeeper,95,130,6,6,6,3,2,8,3,4,5,16,5,6
LOIDE ANTONIO AUGUSTO,ÇAYKUR RİZESPOR A.Ş.,26,Right Winger,109,119,11,12,13,8,9,10,3,12,9,12,10,9
KAROL LINETTY,KOCAELİSPOR,31,Central Midfield,110,110,9,7,16,10,4,12,7,8,10,12,12,11
MATTEO ELIAS KENZO GUENDOUZI OLIE,FENERBAHÇE A.Ş.,27,Central Midfield,106,110,10,10,11,9,5,12,7,9,8,13,8,11
ALİ EMRE YANAR,KASIMPAŞA A.Ş.,28,Goalkeeper,107,111,6,6,14,4,2,8,3,4,6,18,15,6
CAN KELEŞ,KOCAELİSPOR,25,Right Winger,104,114,11,12,14,8,4,10,3,8,9,12,12,9
OĞUZHAN EFE YILMAZ,KASIMPAŞA A.Ş.,23,MC,98,116,9,9,7,6,4,9,8,7,6,16,7,8
ÖMER FARUK GÜMÜŞ,MISIRLI.COM.TR FATİH KARAGÜMRÜK,23,MC,98,116,9,9,7,6,4,9,8,7,6,16,7,8
DOĞUKAN SİNİK,HESAP.COM ANTALYASPOR,27,MC,98,102,9,9,14,7,4,9,6,7,7,10,11,8
İRFAN CAN KAHVECİ,KASIMPAŞA A.Ş.,31,Attacking Midfield,110,110,9,7,14,10,6,12,7,10,9,12,11,11
KEREM DEMİRBAY,İKAS EYÜPSPOR,33,Central Midfield,113,113,9,7,16,11,5,12,7,8,11,14,12,11
DANIELE VERDE,MISIRLI.COM.TR FATİH KARAGÜMRÜK,30,MC,103,103,9,8,9,7,7,9,8,10,7,17,8,8
JULES OLIVIER NTCHAM,SAMSUNSPOR A.Ş.,30,Central Midfield,112,112,10,9,14,10,6,12,8,9,9,16,12,11
BENJAMIN BOUCHOUARI,TRABZONSPOR A.Ş.,24,Central Midfield,104,122,10,10,12,8,4,12,7,8,7,12,11,11
MARKO JEVTOVIC,TÜMOSAN KONYASPOR,33,Defensive Midfield,108,108,9,7,14,9,4,12,7,8,8,13,11,11
MAMADOU FALL,KASIMPAŞA A.Ş.,34,MC,104,104,8,5,13,8,4,9,8,7,7,17,11,8
ENGİN CAN BİTERGE,FENERBAHÇE A.Ş.,19,MC,98,133,9,9,7,6,4,9,8,7,6,16,6,8
MARIO RICARDO DA SILVA VELHO,GENÇLERBİRLİĞİ,28,Goalkeeper,117,121,6,6,16,7,2,8,3,4,10,19,14,6
FURKAN GEDİK,KOCAELİSPOR,24,MC,105,123,9,9,15,7,4,9,8,7,6,18,15,8
OSMAN YAĞIZ TOPÇU,ÇAYKUR RİZESPOR A.Ş.,19,MC,98,133,9,9,6,6,4,9,8,7,6,16,6,8
HARIS HAJRADINOVIC,KASIMPAŞA A.Ş.,32,Attacking Midfield,105,105,9,7,8,8,11,12,7,13,7,12,6,11
ONURCAN PİRİ,ZECORNER KAYSERİSPOR,31,Goalkeeper,104,104,6,4,15,4,2,8,2,4,6,14,14,6
RHALDNEY NORBERTO SIMIAO GOMES,GÖZTEPE A.Ş.,27,Central Midfield,108,112,10,10,12,8,5,12,8,9,8,15,10,11
EMERSONN CORREIRA DA SILVA,GÖZTEPE A.Ş.,22,MC,107,132,9,9,6,6,18,9,8,17,6,16,6,8
YUSUF ÖZDEMİR,CORENDON ALANYASPOR,25,Left Midfield,106,116,10,10,10,8,6,12,8,9,7,15,8,11
TAŞKIN İLTER,İKAS EYÜPSPOR,32,Defensive Midfield,108,108,9,7,16,9,4,12,7,8,9,10,13,11
PRINCE MARTOR,GENÇLERBİRLİĞİ,19,Left Winger,100,135,11,12,6,7,4,10,5,8,8,16,6,9
AHMET SAMİ BİRCAN,BEŞİKTAŞ A.Ş.,19,Centre-Forward,100,135,11,12,6,7,4,10,5,8,8,16,6,9
SAMUEL JAMES MATHER,ZECORNER KAYSERİSPOR,22,MC,102,127,9,9,10,7,4,9,8,7,7,17,10,8
MEHMET ŞAMİL ÖZTÜRK,GÖZTEPE A.Ş.,21,Goalkeeper,99,124,6,6,9,3,2,8,3,4,5,17,9,6
CENGİZ UMUT MERAŞ,İKAS EYÜPSPOR,30,Left-Back,112,112,9,8,15,9,4,9,12,6,9,17,13,7
EMİRHAN YİĞİT,KASIMPAŞA A.Ş.,20,Right Winger,101,136,11,12,7,7,4,10,5,8,8,16,7,9
SERDAR SAATÇI,TRABZONSPOR A.Ş.,23,Centre-Back,107,125,9,9,10,7,4,9,13,6,7,17,10,7
EFE DOĞAN,ÇAYKUR RİZESPOR A.Ş.,22,Goalkeeper,99,124,6,6,9,3,2,8,3,4,5,17,9,6
EKREM KILIÇARSLAN,GÖZTEPE A.Ş.,29,MC,104,108,9,8,14,7,4,9,8,7,6,18,14,8
EMİR YAŞAR,BEŞİKTAŞ A.Ş.,20,Goalkeeper,95,130,6,6,6,3,2,8,3,4,5,16,6,6
AHMET OĞUZ,KOCAELİSPOR,33,Right-Back,110,110,8,6,16,10,4,9,11,6,11,12,12,7
KENY ALEXANDER ARROYO ALVARADO,BEŞİKTAŞ A.Ş.,20,Right Winger,100,135,11,12,6,7,4,10,5,8,8,16,5,9
UĞUR KAAN YILDIZ,GÖZTEPE A.Ş.,24,Central Midfield,110,128,10,10,14,8,4,12,9,8,7,18,14,11
YUSUF KARHAN KABADAYI,GAZİANTEP FUTBOL KULÜBÜ A.Ş.,22,Left Winger,101,126,11,12,13,8,8,10,3,12,8,2,11,9
ALİ MEVRAN ABLAK,GAZİANTEP FUTBOL KULÜBÜ A.Ş.,23,MC,98,116,9,9,6,6,4,9,8,7,6,16,6,8
EGE ALBAYRAK,KASIMPAŞA A.Ş.,19,Goalkeeper,95,130,6,6,6,3,2,8,3,4,5,16,6,6
JULIAN  CUESTA DIAZ,HESAP.COM ANTALYASPOR,35,MC,104,104,7,4,14,9,4,9,7,7,9,15,11,8
STEFANO WILFRED DENSWIL,ZECORNER KAYSERİSPOR,33,MC,112,112,8,6,18,12,4,9,7,8,14,18,14,8
MÜCAHİT İBRAHİMOĞLU,TÜMOSAN KONYASPOR,21,Defensive Midfield,105,130,10,10,9,7,4,12,9,8,7,17,9,11
YOUSSEF AIT BENASSER,ZECORNER KAYSERİSPOR,29,Defensive Midfield,106,110,10,9,13,9,4,12,7,8,9,11,9,11
CENGİZ ALP KÖSEER,İKAS EYÜPSPOR,23,MC,98,116,9,9,6,6,4,9,8,7,6,16,6,8
OUSSEYNOU  BA,RAMS BAŞAKŞEHİR FUTBOL KULÜBÜ,30,Centre-Back,103,103,9,8,15,8,4,9,11,6,7,7,12,7
NICHOLAS OPOKU,KASIMPAŞA A.Ş.,29,Centre-Back,117,121,9,8,17,11,4,9,12,6,13,16,14,7
OĞUZ AYDIN,FENERBAHÇE A.Ş.,25,Left Winger,104,114,11,12,16,8,4,10,3,8,8,11,14,9
DAVIDE BIRASCHI,MISIRLI.COM.TR FATİH KARAGÜMRÜK,32,MC,102,102,8,6,11,7,4,9,8,7,7,16,9,8
LUCA EKREM STANCIC,RAMS BAŞAKŞEHİR FUTBOL KULÜBÜ,19,Goalkeeper,95,130,6,6,6,3,2,8,3,4,5,16,5,6
AHMET TAHA DAĞBAŞI,KASIMPAŞA A.Ş.,21,Centre-Back,102,127,9,9,6,6,4,9,13,6,6,16,5,7
BRUNO VIANA WILLEMEM DA SILVA,CORENDON ALANYASPOR,31,Centre-Back,106,106,8,6,14,7,4,9,12,6,7,13,13,7
MANUEL LUIS DA SILVA CAFUMANA,KOCAELİSPOR,27,Defensive Midfield,112,116,10,10,16,11,4,12,7,8,12,11,12,11
TANGUY BEMIN  COULIBALY,SAMSUNSPOR A.Ş.,25,Right Winger,104,114,11,12,10,7,9,10,3,12,8,9,7,9
ALEXIS ANTUNES GOMEZ,GÖZTEPE A.Ş.,26,Attacking Midfield,105,115,10,10,10,8,6,12,8,10,7,13,8,11
GILBERT MENDY,İKAS EYÜPSPOR,21,Centre-Back,103,128,9,9,7,6,4,9,13,6,6,16,7,7
SERDAR GÜRLER,İKAS EYÜPSPOR,34,MC,101,101,8,5,12,8,4,9,7,7,7,15,9,8
SAMET YALÇIN,KOCAELİSPOR,32,MC,100,100,8,6,14,7,4,9,6,7,7,12,13,8
ABDÜLKADİR ÖMÜR,HESAP.COM ANTALYASPOR,27,MC,105,109,9,9,15,9,4,9,7,7,9,16,13,8
BULUTHAN BULUT,CORENDON ALANYASPOR,24,MC,98,116,9,9,7,6,4,9,8,7,6,16,7,8
OGÜN BAYRAK,GÖZTEPE A.Ş.,27,Right Midfield,108,112,10,10,14,8,4,12,8,8,7,15,13,11
CEM ÜSTÜNDAĞ,KASIMPAŞA A.Ş.,25,Central Midfield,106,116,10,10,12,8,4,12,8,8,7,14,10,11
ARİF KOCAMAN,ZECORNER KAYSERİSPOR,22,MC,101,126,9,9,9,7,4,9,8,7,7,17,9,8
HENRY CHUKWUEMEKA ONYEKURU,GENÇLERBİRLİĞİ,29,Left Winger,101,105,11,11,12,7,4,10,3,8,8,11,11,9
BADOBRE EMMANUEL ELYSEE DJEDJE AGBADOU,BEŞİKTAŞ A.Ş.,29,Centre-Back,102,106,9,8,11,7,5,9,11,8,7,11,8,7
TAYYİP TALHA SANUÇ,GAZİANTEP FUTBOL KULÜBÜ A.Ş.,26,Centre-Back,107,117,9,9,13,8,4,9,12,6,8,13,11,7
ARDA ÇAĞAN ÇELİK,GENÇLERBİRLİĞİ,21,Centre-Back,104,129,9,9,8,6,4,9,13,6,6,16,8,7
DENIS MIHAI DRAGUS,İKAS EYÜPSPOR,27,Centre-Forward,105,109,11,12,14,8,4,10,4,8,9,14,11,9
KARAHAN YASİR SUBAŞI,TÜMOSAN KONYASPOR,30,MC,106,106,9,8,16,7,4,9,8,7,7,18,16,8
YALÇIN KAYAN,İKAS EYÜPSPOR,27,Central Midfield,112,116,10,10,17,11,4,12,7,8,11,12,13,11
BERAT AYBERK ÖZDEMİR,RAMS BAŞAKŞEHİR FUTBOL KULÜBÜ,28,Defensive Midfield,109,113,10,10,15,9,4,12,8,8,8,14,13,11
BOTOND BALOGH,KOCAELİSPOR,24,Centre-Back,106,124,9,9,13,8,4,9,11,6,8,12,10,7
IVO  GRBIC,MISIRLI.COM.TR FATİH KARAGÜMRÜK,30,MC,112,112,9,8,18,12,4,9,7,7,14,18,14,8
ALTIN ZEQIRI,ÇAYKUR RİZESPOR A.Ş.,26,MC,99,109,9,9,14,7,8,9,6,11,7,7,12,8
MERT FURKAN BAYRAM,CORENDON ALANYASPOR,21,Goalkeeper,95,120,6,6,6,3,2,8,3,4,5,16,6,6
JOSHUA BENJAMIN BRENET,ZECORNER KAYSERİSPOR,32,MC,100,100,8,6,10,7,4,9,7,7,7,15,9,8
JEFERSON MARINHO DOS SANTOS,GÖZTEPE A.Ş.,26,MC,100,110,9,9,10,7,16,9,6,16,7,4,8,8
MEHMET ERAY ÖZBEK,ZECORNER KAYSERİSPOR,23,MC,100,118,9,9,9,6,4,9,8,7,6,17,9,8
MAHMUT CAN KARA,CORENDON ALANYASPOR,20,Goalkeeper,95,130,6,6,6,3,2,8,3,4,5,16,5,6
ONUR ERGÜN,RAMS BAŞAKŞEHİR FUTBOL KULÜBÜ,33,Defensive Midfield,106,106,9,7,14,8,4,12,7,8,7,12,13,11
DANYLO SIKAN,TRABZONSPOR A.Ş.,25,Centre-Forward,109,119,11,12,10,7,18,10,3,18,8,1,8,9
SANDER  SVENDSEN,TÜMOSAN KONYASPOR,29,Left Winger,104,108,11,11,10,7,4,10,5,8,8,17,10,9
EMRE BİLGİN,BEŞİKTAŞ A.Ş.,22,Goalkeeper,99,124,6,6,9,3,2,8,3,4,5,17,9,6
KARTAL KAYRA YILMAZ,BEŞİKTAŞ A.Ş.,25,Defensive Midfield,105,115,10,10,14,8,4,12,7,8,7,11,12,11
EROL CAN ÇOLAK,TRABZONSPOR A.Ş.,20,Goalkeeper,95,130,6,6,6,3,2,8,3,4,5,16,5,6
ÇAĞLAR SÖYÜNCÜ,FENERBAHÇE A.Ş.,30,Centre-Back,111,111,9,8,14,8,4,9,13,6,7,18,13,7
HÜSEYİN TÜRKMEN,HESAP.COM ANTALYASPOR,28,MC,106,110,9,9,14,8,4,9,8,7,8,18,13,8
HALİL AKBUNAR,İKAS EYÜPSPOR,32,MC,105,105,8,6,10,7,13,9,7,14,7,14,9,8
GABRIEL ARMANDO DE ABREU,BEŞİKTAŞ A.Ş.,35,Centre-Back,105,105,7,4,11,7,4,9,12,6,7,16,10,7
DEMİR EGE TIKNAZ,BEŞİKTAŞ A.Ş.,22,Defensive Midfield,95,120,10,10,9,8,4,12,7,8,7,1,7,11
FILIP YAVOROV  KRASTEV,GÖZTEPE A.Ş.,24,Attacking Midfield,106,124,10,10,9,8,8,12,8,12,7,13,8,11
MELİH KABASAKAL,GAZİANTEP FUTBOL KULÜBÜ A.Ş.,30,Defensive Midfield,109,109,10,9,15,10,5,12,7,9,10,10,12,11
GÖKDENİZ GÜRPÜZ,GALATASARAY A.Ş.,20,Attacking Midfield,103,138,10,10,7,7,4,12,9,8,7,16,7,11
FEDOR CHALOV,ZECORNER KAYSERİSPOR,28,MC,103,107,9,9,10,7,9,9,7,11,7,15,9,8
IGOR LICHNOVSKY OSORIO,MISIRLI.COM.TR FATİH KARAGÜMRÜK,32,MC,98,98,8,6,10,7,4,9,7,7,7,13,8,8
HAMZA YİĞİT AKMAN,İKAS EYÜPSPOR,21,Central Midfield,103,128,10,10,7,7,4,12,9,8,7,16,6,11
EMRE TAŞDEMİR,KASIMPAŞA A.Ş.,31,MC,103,103,9,7,12,7,4,9,8,7,7,17,12,8
ENVER KULASIN,GAZİANTEP FUTBOL KULÜBÜ A.Ş.,23,Right Winger,93,111,11,12,10,7,4,10,3,8,8,1,8,9
VACLAV JURECKA,ÇAYKUR RİZESPOR A.Ş.,31,Centre-Forward,104,104,10,9,10,7,8,10,3,12,8,10,7,9
SHAVY WARREN BABICKA,MISIRLI.COM.TR FATİH KARAGÜMRÜK,26,MC,104,114,9,9,11,7,6,9,8,9,7,17,10,8
CENK TOSUN,KASIMPAŞA A.Ş.,35,MC,96,96,7,4,13,7,10,9,6,12,7,2,11,8
CLAUDIO MATIAS KRANEVITTER,MISIRLI.COM.TR FATİH KARAGÜMRÜK,33,MC,103,103,8,6,14,9,6,9,6,9,9,13,10,8
JUNINHO GRACIELO BACUNA,GAZİANTEP FUTBOL KULÜBÜ A.Ş.,29,Central Midfield,101,105,10,9,11,8,4,12,7,8,7,8,9,11
CASPER SOMMER HOJER,ÇAYKUR RİZESPOR A.Ş.,31,Left-Back,118,118,8,6,18,12,4,9,12,6,14,16,13,7
ERHAN ERENTÜRK,GENÇLERBİRLİĞİ,31,Goalkeeper,105,105,6,4,16,5,2,8,1,4,6,13,15,6
ALASSANE NDAO,TÜMOSAN KONYASPOR,29,Right Winger,109,113,11,11,10,8,8,10,5,12,8,17,9,9
GÖKHAN SAZDAĞI,BEŞİKTAŞ A.Ş.,31,Right-Back,108,108,8,6,15,9,4,9,11,6,9,13,12,7
İRFAN CAN EĞRİBAYAT,FENERBAHÇE A.Ş.,28,Goalkeeper,105,109,6,6,12,4,2,8,3,4,6,18,12,6
DAVID JURASEK,BEŞİKTAŞ A.Ş.,26,Left-Back,108,118,9,9,11,7,7,9,13,9,7,17,10,7
FIDAN ALITI,CORENDON ALANYASPOR,32,Centre-Back,114,114,8,6,17,12,4,9,11,6,13,13,12,7
GÖRKEM  SAĞLAM,ZECORNER KAYSERİSPOR,28,MC,90,94,9,9,10,7,4,9,6,7,7,1,8,8
BATUHAN AHMET ŞEN,GALATASARAY A.Ş.,27,MC,100,104,9,9,9,6,4,9,8,7,6,17,9,8
RAYYAN BANİYA,TRABZONSPOR A.Ş.,27,Centre-Back,108,112,9,9,11,7,4,9,13,6,7,17,11,7
FEHMİ MERT GÜNOK,BEŞİKTAŞ A.Ş.,37,Goalkeeper,110,110,4,1,16,5,2,8,2,4,7,17,16,6
EFECAN KARACA,CORENDON ALANYASPOR,36,MC,97,97,7,3,15,7,4,9,6,7,7,7,13,8
LEONARDO CAMPOS DUARTE DA SILVA,RAMS BAŞAKŞEHİR FUTBOL KULÜBÜ,30,MC,106,106,9,8,15,10,4,9,7,7,11,15,12,8
KHUSNIDDIN  ALIKULOV,ÇAYKUR RİZESPOR A.Ş.,27,Centre-Back,96,100,9,9,10,7,4,9,11,6,7,3,7,7
AFONSO GAMELAS DE PINHO SOUSA,SAMSUNSPOR A.Ş.,26,Attacking Midfield,100,110,10,10,8,7,18,12,7,17,7,1,6,11
MUHAMMET TAHA GÜNEŞ,GAZİANTEP FUTBOL KULÜBÜ A.Ş.,20,Attacking Midfield,103,138,10,10,7,7,4,12,9,8,7,16,6,11
JURE BALKOVEC,MISIRLI.COM.TR FATİH KARAGÜMRÜK,32,MC,98,98,8,6,12,8,4,9,6,7,7,11,8,8
ÖMER FARUK BEYAZ,RAMS BAŞAKŞEHİR FUTBOL KULÜBÜ,23,MC,100,118,9,9,8,6,4,9,8,7,6,17,8,8
UMUT KESECİ,İKAS EYÜPSPOR,22,Goalkeeper,95,120,6,6,6,3,2,8,3,4,5,16,5,6
SACHA BOEY,GALATASARAY A.Ş.,26,Right-Back,107,117,9,9,10,7,7,9,13,9,7,17,10,7
DORUKHAN TOKÖZ,ZECORNER KAYSERİSPOR,30,MC,102,102,9,8,16,9,4,9,6,7,9,12,13,8
FURKAN BEKLEVİÇ,MISIRLI.COM.TR FATİH KARAGÜMRÜK,27,MC,105,109,9,9,14,7,4,9,8,7,7,18,15,8
MATEJ  HANOUSEK,GENÇLERBİRLİĞİ,33,Left-Back,113,113,8,6,16,9,4,9,13,6,9,17,15,7
GÖKHAN DEĞİRMENCİ,KOCAELİSPOR,37,MC,105,105,7,3,16,8,4,9,7,7,8,16,15,8
AHMET SAĞAT,KOCAELİSPOR,30,MC,101,101,9,8,10,7,4,9,8,7,6,17,10,8
ERDEM ÇETİNKAYA,KASIMPAŞA A.Ş.,25,MC,98,108,9,9,6,6,4,9,8,7,6,16,5,8
MUSAH MOHAMMED,GÖZTEPE A.Ş.,24,MC,90,108,9,9,10,7,4,9,6,7,7,1,8,8
DIOGO ANTONIO CUPIDO GONÇALVES,TÜMOSAN KONYASPOR,29,Attacking Midfield,106,110,10,9,9,8,18,12,7,17,7,8,7,11
MUHAMMET ONUR BAŞYİĞİT,GAZİANTEP FUTBOL KULÜBÜ A.Ş.,22,MC,98,123,9,9,6,6,4,9,8,7,6,16,6,8
AHMED ILDIZ,GÖZTEPE A.Ş.,29,Central Midfield,105,109,10,9,9,7,4,12,9,8,7,17,9,11
N'GOLO KANTE,FENERBAHÇE A.Ş.,35,Defensive Midfield,106,106,8,5,11,8,7,12,8,11,7,13,8,11
YUSUF AKÇİÇEK,FENERBAHÇE A.Ş.,20,Centre-Back,102,137,9,9,6,6,4,9,13,6,6,16,5,7
ELIAS JELERT  KRISTENSEN,GALATASARAY A.Ş.,23,Right-Back,102,120,9,9,6,6,4,9,13,6,6,16,6,7
TOMAS  CVANCARA,HESAP.COM ANTALYASPOR,26,MC,101,111,9,9,10,7,7,9,7,10,7,14,8,8
HELITON JORGE  TITO DOS SANTOS,GÖZTEPE A.Ş.,30,Centre-Back,116,116,9,8,18,12,4,9,11,6,14,13,13,7
EDERSON SANTANA DE MORAES,FENERBAHÇE A.Ş.,33,MC,103,103,8,6,15,10,4,9,6,7,10,13,11,8
BATISTA ADELINO MENDY,TRABZONSPOR A.Ş.,26,Defensive Midfield,102,112,10,10,6,7,4,12,9,8,7,16,6,11
SERKAN EMRECAN TERZİ,BEŞİKTAŞ A.Ş.,22,MC,98,123,9,9,6,6,4,9,8,7,6,16,5,8
LIONEL JULES CAROLE,ZECORNER KAYSERİSPOR,32,MC,105,105,8,6,15,10,4,9,7,7,10,15,12,8
ONUR ÖZTONGA,KOCAELİSPOR,26,Centre-Back,102,112,9,9,6,6,4,9,13,6,6,16,6,7
FURKAN BAYIR,GÖZTEPE A.Ş.,26,Centre-Back,101,111,9,9,12,7,4,9,11,6,7,8,10,7
NICOLO ZANIOLO,GALATASARAY A.Ş.,27,Second Striker,101,105,11,12,7,7,4,10,5,8,8,16,6,9
NIKOLOZ UGREKHELIDZE,MISIRLI.COM.TR FATİH KARAGÜMRÜK,23,MC,94,112,9,9,10,7,4,9,6,7,7,8,8,8
HALİL YERAL,İKAS EYÜPSPOR,26,MC,98,108,9,9,6,6,4,9,8,7,6,16,6,8
YASER ESNEYDER ASPRILLA MARTINEZ,GALATASARAY A.Ş.,22,Right Winger,102,127,11,12,8,7,4,10,5,8,8,17,8,9
ABDULSAMET BURAK,ZECORNER KAYSERİSPOR,30,MC,92,92,9,8,9,7,4,9,6,7,7,6,7,8
GÜRAY VURAL,HESAP.COM ANTALYASPOR,38,MC,102,102,6,2,7,6,17,9,6,17,6,10,5,8
BERKE ÖZER,İKAS EYÜPSPOR,26,Goalkeeper,95,105,6,6,6,3,2,8,3,4,5,16,5,6
CARLOS MANUEL CARDOSO MANE,ZECORNER KAYSERİSPOR,32,MC,104,104,8,6,15,8,4,9,7,7,8,15,13,8
JEROME JUNIOR ONGUENE,İKAS EYÜPSPOR,28,Centre-Back,102,106,9,9,11,7,6,9,11,8,7,11,9,7
ATTILA ARPAD SZALAI,KASIMPAŞA A.Ş.,28,Centre-Back,108,112,9,9,12,8,4,9,13,6,7,16,10,7
GÜNAY GÜVENÇ,GALATASARAY A.Ş.,35,Goalkeeper,103,103,4,1,15,5,2,8,1,4,6,12,13,6
YUSUF  DEMİR,GALATASARAY A.Ş.,23,Right Winger,103,121,11,12,9,7,4,10,5,8,8,17,9,9
MERT YILMAZ,HESAP.COM ANTALYASPOR,27,MC,98,102,9,9,7,6,4,9,8,7,6,16,6,8
FATİH KURUCUK,MISIRLI.COM.TR FATİH KARAGÜMRÜK,28,MC,102,106,9,9,10,7,16,9,6,16,7,8,8,8
ALBERT  POSIADALA,SAMSUNSPOR A.Ş.,23,Goalkeeper,101,119,6,6,10,4,2,8,3,4,5,17,10,6
TARIK ÇETİN,FENERBAHÇE A.Ş.,29,Goalkeeper,95,99,6,5,12,4,2,8,1,4,6,8,10,6
DENİZ TÜRÜÇ,TÜMOSAN KONYASPOR,33,Right Winger,102,102,10,9,15,9,5,10,3,9,10,7,11,9
GÖKHAN AKKAN,GENÇLERBİRLİĞİ,31,Goalkeeper,95,95,6,4,8,4,2,8,2,4,6,12,7,6
ARBNOR MUJA,SAMSUNSPOR A.Ş.,27,Right Winger,100,104,11,12,6,7,4,10,5,8,8,16,6,9
MEHMET ATABERK DADAKDENİZ,HESAP.COM ANTALYASPOR,27,Goalkeeper,95,99,6,6,6,3,2,8,3,4,5,16,5,6
MOUSSA  KYABOU,GENÇLERBİRLİĞİ,28,Defensive Midfield,102,106,10,10,6,7,4,12,9,8,7,16,6,11
STEVE MICHEL KEVİN MOUNIE,CORENDON ALANYASPOR,31,Centre-Forward,108,108,10,9,12,8,13,10,3,15,8,6,10,9
MİKAİL OKYAR,GENÇLERBİRLİĞİ,27,MC,98,102,9,9,6,6,4,9,8,7,6,16,5,8
ALPER EMRE DEMİROL,MISIRLI.COM.TR FATİH KARAGÜMRÜK,23,MC,100,118,9,9,8,6,4,9,8,7,6,17,8,8
METE KAAN DEMİR,İKAS EYÜPSPOR,28,Right Winger,100,104,11,12,6,7,4,10,5,8,8,16,6,9
ADAMO NAGALO,TÜMOSAN KONYASPOR,23,Centre-Back,99,117,9,9,9,7,4,9,11,6,7,8,6,7
SİNAN OSMANOĞLU,GENÇLERBİRLİĞİ,36,MC,101,101,7,3,10,7,4,9,8,7,6,17,11,8
RODRIGO NASCIMENTO FRANCA,KASIMPAŞA A.Ş.,30,MC,98,98,9,8,13,8,4,9,6,7,8,10,10,8
KAMİL AHMET ÇÖREKÇİ,KASIMPAŞA A.Ş.,34,Right-Back,99,99,7,4,10,7,4,9,11,6,7,9,7,7
DANİJEL ALEKSİC,TÜMOSAN KONYASPOR,35,MC,104,104,7,4,7,6,13,9,8,14,6,16,6,8
MICHAEL AMIR  MURILLO BERMUDEZ,BEŞİKTAŞ A.Ş.,30,Right-Back,102,102,9,8,10,7,6,9,11,8,7,11,7,7
SALİH UÇAN,BEŞİKTAŞ A.Ş.,32,Central Midfield,102,102,9,7,14,8,4,12,7,8,7,7,13,11
EDIN VISCA,TRABZONSPOR A.Ş.,36,Right Winger,102,102,9,6,9,7,4,10,5,8,8,17,9,9
YUSUF CİHAT ÇELİK,KOCAELİSPOR,30,MC,98,98,9,8,7,6,4,9,8,7,6,16,6,8
ANGEL YESID TORRES QUINONES,İKAS EYÜPSPOR,26,Right Winger,103,113,11,12,9,7,4,10,5,8,8,17,8,9
UFUK AKYOL,TÜMOSAN KONYASPOR,29,MC,98,102,9,8,6,6,4,9,8,7,6,16,5,8
EMRE KILINÇ,SAMSUNSPOR A.Ş.,32,Left Winger,101,101,10,9,11,8,5,10,3,9,9,10,8,9
MARIUS STEFANESCU,TÜMOSAN KONYASPOR,28,Right Winger,104,108,11,12,10,7,4,10,5,8,8,17,11,9
AHMET SİVRİ,MISIRLI.COM.TR FATİH KARAGÜMRÜK,27,MC,101,105,9,9,9,7,4,9,8,7,7,17,9,8
AMIR HADZIAHMETOVIC,BEŞİKTAŞ A.Ş.,29,Defensive Midfield,102,106,10,9,6,7,4,12,9,8,7,16,5,11
NAZIM SANGARE,GAZİANTEP FUTBOL KULÜBÜ A.Ş.,32,Centre-Back,104,104,8,6,14,8,4,9,11,6,8,10,11,7
ROB NIZET,GAZİANTEP FUTBOL KULÜBÜ A.Ş.,24,Left-Back,105,123,9,9,9,6,4,9,13,6,6,17,9,7
ENSAR KEMALOĞLU,GENÇLERBİRLİĞİ,27,MC,101,105,9,9,10,7,4,9,8,7,6,17,10,8
SONER AYDOĞDU,SAMSUNSPOR A.Ş.,35,MC,100,100,7,4,9,6,4,9,8,7,6,17,9,8
GUILHERME HAUBERT SITYA,TÜMOSAN KONYASPOR,36,MC,104,104,7,3,14,9,4,9,7,7,9,16,11,8
NOA NOËLL LANG,GALATASARAY A.Ş.,27,Left Winger,100,104,11,12,10,7,4,10,3,8,8,12,8,9
BAHADIR ÖZTÜRK,HESAP.COM ANTALYASPOR,30,MC,96,96,9,8,12,7,4,9,6,7,7,8,10,8
OGHENEKARO PETER ETEBO,GENÇLERBİRLİĞİ,30,Defensive Midfield,102,102,10,9,6,7,4,12,9,8,7,16,5,11
MICHAL JAN NALEPA,GENÇLERBİRLİĞİ,31,MC,93,93,9,7,7,6,4,9,6,7,6,10,4,8
OLEKSANDR SYROTA,KOCAELİSPOR,26,MC,102,112,9,9,11,7,4,9,8,7,7,17,11,8
MERT HAKAN YANDAŞ,FENERBAHÇE A.Ş.,32,Attacking Midfield,102,102,9,7,6,7,4,12,9,8,7,16,6,11
MESUT CAN TUNALI,KOCAELİSPOR,25,MC,98,108,9,9,6,6,4,9,8,7,6,16,6,8
ANDRAZ SPORAR,CORENDON ALANYASPOR,32,Centre-Forward,100,100,10,9,6,7,4,10,5,8,8,16,6,9
TUĞBEY AKGÜN,MISIRLI.COM.TR FATİH KARAGÜMRÜK,23,MC,98,116,9,9,6,6,4,9,8,7,6,16,6,8
NECİP UYSAL,BEŞİKTAŞ A.Ş.,35,Defensive Midfield,94,94,8,5,8,7,4,12,7,8,7,1,6,11
MİRZA CİHAN,GAZİANTEP FUTBOL KULÜBÜ A.Ş.,25,Left Winger,101,111,11,12,7,7,4,10,5,8,8,16,6,9
ALI KARIMI,ZECORNER KAYSERİSPOR,32,MC,98,98,8,6,6,6,4,9,8,7,6,16,6,8
MUHAMMED CHAM SARACEVIC,TRABZONSPOR A.Ş.,25,Attacking Midfield,102,112,10,10,6,7,4,12,9,8,7,16,6,11
JOAO MARIO NAVAL DA COSTA EDUARDO,BEŞİKTAŞ A.Ş.,33,Attacking Midfield,102,102,9,7,6,7,4,12,9,8,7,16,6,11
RIECHEDLY GUILLERMO BAZOER,TÜMOSAN KONYASPOR,29,Centre-Back,102,106,9,8,13,8,4,9,11,6,7,7,11,7
DANIEL ANTHONY JOHNSON,MISIRLI.COM.TR FATİH KARAGÜMRÜK,33,MC,99,99,8,6,12,7,6,9,6,9,7,11,10,8
EMRECAN UZUNHAN,BEŞİKTAŞ A.Ş.,25,MC,98,108,9,9,6,6,4,9,8,7,6,16,5,8
TARKAN SERBEST,KOCAELİSPOR,32,MC,102,102,8,6,10,7,4,9,8,7,7,17,10,8
VOLKAN BABACAN,RAMS BAŞAKŞEHİR FUTBOL KULÜBÜ,38,Goalkeeper,96,96,3,1,7,3,2,8,3,4,5,16,7,6
EMMANUEL OKYERE BOATENG,GAZİANTEP FUTBOL KULÜBÜ A.Ş.,30,Centre-Forward,105,105,11,11,10,7,10,10,3,13,8,8,7,9
RIBEIRO DIAS CARLOS MIGUEL,KASIMPAŞA A.Ş.,33,MC,98,98,8,6,14,8,4,9,6,7,8,9,11,8
ANDRE ANTHONY GRAY,MISIRLI.COM.TR FATİH KARAGÜMRÜK,35,MC,102,102,7,4,11,7,4,9,8,7,7,17,11,8
JHON JAIRO,KASIMPAŞA A.Ş.,27,MC,93,97,9,9,11,7,4,9,6,7,7,5,8,8
KEVIN CSOBOTH,GENÇLERBİRLİĞİ,26,Left Winger,102,112,11,12,8,7,4,10,5,8,8,17,8,9
ANTHONY NNADUZOR NWAKAEME,TRABZONSPOR A.Ş.,37,Left Winger,101,101,8,5,11,7,4,10,4,8,8,15,10,9
FILIP MLADENOVIC,MISIRLI.COM.TR FATİH KARAGÜMRÜK,35,MC,99,99,7,4,9,7,6,9,7,9,7,13,7,8
DEVIS ESTIVEN  VASQUEZ LLACH,BEŞİKTAŞ A.Ş.,28,Goalkeeper,101,105,6,6,9,4,2,8,3,4,6,17,9,6
JİM EMİLLEN NGOWET ALLEVINAH,KASIMPAŞA A.Ş.,31,Right Winger,105,105,10,9,9,7,13,10,3,15,8,5,7,9
DENIS MAKAROV,ZECORNER KAYSERİSPOR,28,MC,95,99,9,9,10,7,4,9,6,7,7,9,7,8
EDSON OMAR ALVAREZ VELAZQUEZ,FENERBAHÇE A.Ş.,28,Defensive Midfield,102,106,10,10,10,8,4,12,7,8,7,10,7,11
ERDOĞAN YEŞİLYURT,HESAP.COM ANTALYASPOR,32,MC,90,90,8,6,9,7,4,9,6,7,7,3,7,8
SOFYAN AMRABAT,FENERBAHÇE A.Ş.,30,Defensive Midfield,102,102,10,9,6,7,4,12,9,8,7,16,6,11
RUAN GREGORIO TEIXEIRA,GÖZTEPE A.Ş.,31,MC,90,90,9,7,10,7,4,9,6,7,7,1,9,8
JOSIP CALUSIC,TÜMOSAN KONYASPOR,32,Centre-Back,100,100,8,6,11,7,4,9,11,6,7,8,9,7
OĞULCAN ÇAĞLAYAN,KOCAELİSPOR,30,MC,91,91,9,8,7,6,4,9,6,7,6,7,4,8
FRANTZDY PIERROT,ÇAYKUR RİZESPOR A.Ş.,31,Centre-Forward,103,103,10,9,10,7,4,10,5,8,8,17,10,9
EBRAR YİĞİT AYDIN,GENÇLERBİRLİĞİ,26,Goalkeeper,96,106,6,6,7,3,2,8,3,4,5,16,6,6
DOMINIK LIVAKOVIC,FENERBAHÇE A.Ş.,31,Goalkeeper,95,95,6,4,6,3,2,8,3,4,5,16,6,6
YAW ACKAH,ZECORNER KAYSERİSPOR,27,MC,98,102,9,9,6,6,4,9,8,7,6,16,6,8
AARON CHRISTOPHER BILLY ONDELE APPINDANGOYE,KOCAELİSPOR,34,MC,99,99,8,5,7,6,4,9,8,7,7,16,6,8
İSMAİL KÖYBAŞI,GÖZTEPE A.Ş.,37,Left-Back,106,106,6,2,12,7,4,9,13,6,6,17,12,7
ENZO PABLO ROCO ROCO,MISIRLI.COM.TR FATİH KARAGÜMRÜK,34,MC,96,96,8,5,8,7,4,9,6,7,7,12,6,8
NANY DIMATA,SAMSUNSPOR A.Ş.,29,MC,98,102,9,8,6,6,4,9,8,7,6,16,6,8
SALEM M'BAKATA,GAZİANTEP FUTBOL KULÜBÜ A.Ş.,28,Right-Back,102,106,9,9,6,6,4,9,13,6,6,16,5,7
JOAO PEDRO GOMES CAMACHO,MISIRLI.COM.TR FATİH KARAGÜMRÜK,32,MC,95,95,8,6,8,7,4,9,6,7,7,11,6,8
SEYEDMAJID HOSSEINI,ZECORNER KAYSERİSPOR,30,MC,93,93,9,8,7,6,4,9,6,7,6,10,4,8
PAPA ALIOUNE NDIAYE,GAZİANTEP FUTBOL KULÜBÜ A.Ş.,35,MC,90,90,7,4,10,7,4,9,6,7,7,1,8,8
MATEUSZ WIETESKA,KOCAELİSPOR,29,Centre-Back,102,106,9,8,6,6,4,9,13,6,6,16,5,7
DORIN  ROTARIU,İKAS EYÜPSPOR,31,Right Winger,100,100,10,9,7,7,4,10,5,8,8,16,7,9
GIDEON AMANKWAH JUNG,ZECORNER KAYSERİSPOR,32,MC,96,96,8,6,8,7,4,9,6,7,7,12,6,8
JONAS SVENSSON,BEŞİKTAŞ A.Ş.,33,Right-Back,101,101,8,6,8,7,4,9,12,6,7,12,6,7
MARCOS PAULO  MESQUITA LOPES,CORENDON ALANYASPOR,30,MC,98,98,9,8,6,6,4,9,8,7,6,16,5,8
TARAS STEPANENKO,İKAS EYÜPSPOR,37,Defensive Midfield,100,100,7,3,9,8,4,12,7,8,7,8,7,11
ILIUTA DANIEL POPA,GENÇLERBİRLİĞİ,31,Centre-Forward,100,100,10,9,6,7,4,10,5,8,8,16,5,9
ALEXANDER KWABENA BAIDOOH DJIKU,FENERBAHÇE A.Ş.,32,Centre-Back,102,102,8,6,6,6,4,9,13,6,6,16,6,7
RYAN ISAAC MENDES,KOCAELİSPOR,36,MC,99,99,7,3,7,6,4,9,8,7,7,16,6,8
SOKRATIS DIOUDIS,GAZİANTEP FUTBOL KULÜBÜ A.Ş.,33,Goalkeeper,95,95,5,3,6,3,2,8,3,4,5,16,5,6
SAMUEL SAIZ ALONSO,İKAS EYÜPSPOR,35,MC,98,98,7,4,6,6,4,9,8,7,6,16,6,8
LORET SADIKU,KASIMPAŞA A.Ş.,35,Defensive Midfield,102,102,8,5,6,7,4,12,9,8,7,16,5,11
